,Rk,Player,Pos,Age,Tm,G,GS,MP,FG,FGA,FG%,3P,3PA,3P%,2P,2PA,2P%,eFG%,FT,FTA,FT%,ORB,DRB,TRB,AST,STL,BLK,TOV,PF,PTS,Player-additional,Season
0,1,Alaa Abdelnaby,PF,23,POR,71,1,13.2,2.5,5.1,0.493,0.0,0.0,,2.5,5.1,0.493,0.493,1.1,1.4,0.752,1.1,2.5,3.7,0.4,0.4,0.2,0.9,1.9,6.1,abdelal01,1991-92
1,2,Mahmoud Abdul-Rauf,PG,22,DEN,81,11,19.0,4.4,10.4,0.421,0.4,1.2,0.33,4.0,9.3,0.433,0.44,1.2,1.3,0.87,0.3,1.1,1.4,2.4,0.5,0.0,1.4,1.6,10.3,abdulma02,1991-92
2,3,Mark Acres,C,29,ORL,68,6,13.6,1.1,2.2,0.517,0.0,0.0,0.333,1.1,2.2,0.52,0.52,0.8,1.0,0.761,1.4,2.3,3.7,0.3,0.4,0.2,0.5,2.1,3.1,acresma01,1991-92
3,4,Michael Adams,PG,29,WSB,78,78,35.8,6.2,15.8,0.393,1.6,4.9,0.324,4.6,10.9,0.425,0.444,4.0,4.6,0.869,0.7,3.2,4.0,7.6,1.9,0.1,2.7,2.1,18.1,adamsmi01,1991-92
4,5,Rafael Addison,SF,27,NJN,76,8,15.5,2.5,5.7,0.433,0.2,0.6,0.286,2.3,5.0,0.452,0.449,0.7,1.0,0.737,0.9,1.3,2.2,0.9,0.4,0.4,0.6,1.4,5.8,addisra01,1991-92
5,6,Mark Aguirre,SF,32,DET,75,12,21.1,4.5,10.5,0.431,0.2,0.9,0.211,4.3,9.5,0.453,0.44,2.1,3.1,0.687,0.9,2.3,3.1,1.7,0.7,0.1,1.4,2.3,11.3,aguirma01,1991-92
6,7,Danny Ainge,SG,32,POR,81,6,19.7,3.7,8.3,0.442,1.0,2.8,0.339,2.7,5.5,0.496,0.5,1.3,1.6,0.824,0.5,1.3,1.8,2.5,0.9,0.2,0.9,1.8,9.7,aingeda01,1991-92
7,8,Victor Alexander,C,22,GSW,80,28,16.9,3.0,5.7,0.529,0.0,0.0,0.0,3.0,5.7,0.531,0.529,1.3,1.9,0.691,1.3,2.9,4.2,0.4,0.6,0.8,1.1,2.2,7.4,alexavi01,1991-92
8,9,Greg Anderson,PF,27,DEN,82,82,34.1,4.7,10.4,0.456,0.0,0.0,0.0,4.7,10.4,0.458,0.456,2.0,3.3,0.623,4.1,7.4,11.5,1.0,1.1,0.8,2.5,3.2,11.5,andergr01,1991-92
9,10,Kenny Anderson,PG,21,NJN,64,13,17.0,2.9,7.5,0.39,0.0,0.2,0.231,2.9,7.3,0.394,0.393,1.1,1.5,0.745,0.6,1.4,2.0,3.2,1.0,0.1,1.5,1.1,7.0,anderke01,1991-92
10,11,Nick Anderson,SG,24,ORL,60,59,36.7,8.0,17.4,0.463,0.5,1.4,0.353,7.5,16.0,0.472,0.477,3.4,5.1,0.667,1.6,4.8,6.4,2.7,1.6,0.6,2.1,2.2,19.9,anderni01,1991-92
11,12,Ron Anderson,SF,33,PHI,82,11,29.7,5.7,12.3,0.465,0.5,1.5,0.331,5.2,10.7,0.485,0.486,1.7,2.0,0.877,1.2,2.2,3.4,1.6,1.0,0.1,1.3,1.6,13.7,anderro01,1991-92
12,13,Willie Anderson,SG,25,SAS,57,55,33.1,5.5,12.0,0.455,0.2,1.0,0.232,5.2,11.0,0.475,0.465,1.9,2.4,0.775,1.1,4.2,5.3,5.3,0.9,0.9,2.5,2.6,13.1,anderwi01,1991-92
13,14,Michael Ansley,SF,24,TOT,10,0,4.5,0.8,1.8,0.444,0.0,0.0,,0.8,1.8,0.444,0.444,0.5,0.6,0.833,0.2,0.4,0.6,0.2,0.0,0.0,0.3,0.7,2.1,anslemi01,1991-92
14,14,Michael Ansley,SF,24,PHI,8,0,4.0,0.6,1.4,0.455,0.0,0.0,,0.6,1.4,0.455,0.455,0.6,0.8,0.833,0.3,0.3,0.5,0.3,0.0,0.0,0.4,0.8,1.9,anslemi01,1991-92
15,14,Michael Ansley,SF,24,CHH,2,0,6.5,1.5,3.5,0.429,0.0,0.0,,1.5,3.5,0.429,0.429,0.0,0.0,,0.0,1.0,1.0,0.0,0.0,0.0,0.0,0.5,3.0,anslemi01,1991-92
16,15,Greg Anthony,PG,24,NYK,82,1,18.4,2.0,5.3,0.37,0.1,0.7,0.145,1.9,4.6,0.403,0.379,1.4,1.9,0.741,0.4,1.3,1.7,3.8,0.7,0.1,1.2,2.1,5.5,anthogr01,1991-92
17,16,B.J. Armstrong,PG,24,CHI,82,3,22.9,4.1,8.5,0.481,0.4,1.1,0.402,3.7,7.4,0.492,0.506,1.3,1.6,0.806,0.2,1.5,1.8,3.2,0.6,0.1,1.1,1.1,9.9,armstbj01,1991-92
18,17,Vincent Askew,SG,25,GSW,80,10,18.7,2.4,4.7,0.509,0.0,0.1,0.1,2.4,4.6,0.52,0.511,1.4,2.0,0.694,1.1,1.8,2.9,2.4,0.6,0.3,1.1,1.6,6.2,askewvi01,1991-92
19,18,Keith Askins,SF,24,MIA,59,4,14.3,1.4,3.5,0.41,0.4,1.2,0.342,1.0,2.2,0.447,0.471,0.4,0.6,0.703,1.1,1.3,2.4,0.6,0.7,0.3,0.8,1.8,3.7,askinke01,1991-92
20,19,Stacey Augmon,SG,23,ATL,82,82,30.5,5.4,11.0,0.489,0.0,0.1,0.167,5.4,10.9,0.492,0.49,2.6,3.9,0.666,2.3,2.8,5.1,2.5,1.5,0.3,2.2,2.0,13.3,augmost01,1991-92
21,20,Isaac Austin,C,22,UTA,31,0,3.6,0.7,1.5,0.457,0.0,0.0,,0.7,1.5,0.457,0.457,0.6,1.0,0.633,0.4,0.8,1.1,0.2,0.1,0.1,0.3,0.6,2.0,austiis01,1991-92
22,21,Miloš Babić,C,23,MIA,9,0,3.9,0.7,1.4,0.462,0.0,0.0,,0.7,1.4,0.462,0.462,0.7,0.9,0.75,0.2,1.0,1.2,0.7,0.1,0.0,0.6,0.0,2.0,babicmi01,1991-92
23,22,John Bagley,PG,31,BOS,73,59,23.9,3.1,6.9,0.441,0.1,0.6,0.238,2.9,6.4,0.459,0.451,0.9,1.3,0.716,0.5,1.7,2.2,6.6,0.8,0.1,2.0,1.7,7.2,baglejo01,1991-92
24,23,Thurl Bailey,PF,30,TOT,84,18,25.0,4.4,10.0,0.44,0.0,0.0,0.0,4.4,9.9,0.441,0.44,2.6,3.2,0.796,1.5,4.3,5.8,0.9,0.4,1.4,1.3,1.9,11.3,baileth01,1991-92
25,23,Thurl Bailey,PF,30,UTA,13,0,25.2,3.0,7.8,0.386,0.0,0.1,0.0,3.0,7.7,0.39,0.386,3.4,4.2,0.8,1.8,4.2,6.0,1.5,0.4,1.2,1.6,2.4,9.4,baileth01,1991-92
26,23,Thurl Bailey,PF,30,MIN,71,18,25.0,4.6,10.4,0.448,0.0,0.0,0.0,4.6,10.3,0.448,0.448,2.4,3.0,0.795,1.4,4.3,5.7,0.8,0.4,1.4,1.2,1.8,11.7,baileth01,1991-92
27,24,Steve Bardo,SG,23,SAS,1,0,1.0,0.0,0.0,,0.0,0.0,,0.0,0.0,,,0.0,0.0,,1.0,0.0,1.0,0.0,0.0,0.0,0.0,0.0,0.0,bardost01,1991-92
28,25,Charles Barkley*,SF,28,PHI,75,75,38.4,8.3,15.0,0.552,0.4,1.8,0.234,7.9,13.2,0.597,0.567,6.1,8.7,0.695,3.6,7.5,11.1,4.1,1.8,0.6,3.1,2.6,23.1,barklch01,1991-92
29,26,Dana Barros,PG,24,SEA,75,1,17.7,3.2,6.6,0.483,1.1,2.5,0.446,2.1,4.1,0.505,0.567,0.8,1.1,0.759,0.2,0.9,1.1,1.7,0.7,0.1,0.7,1.1,8.3,barroda01,1991-92
30,27,John Battle,SG,29,CLE,76,2,21.5,4.2,8.7,0.48,0.0,0.2,0.118,4.1,8.4,0.489,0.481,1.9,2.3,0.848,0.3,1.2,1.5,2.1,0.5,0.1,1.2,1.5,10.3,battljo01,1991-92
31,28,Kenny Battle,SG,27,TOT,16,0,5.8,0.7,1.1,0.647,0.0,0.1,0.0,0.7,1.0,0.688,0.647,0.6,0.8,0.833,0.3,0.8,1.0,0.3,0.1,0.1,0.3,0.6,2.0,battlke01,1991-92
32,28,Kenny Battle,SG,27,BOS,8,0,5.8,0.4,0.5,0.75,0.0,0.0,,0.4,0.5,0.75,0.75,1.0,1.0,1.0,0.4,0.8,1.1,0.0,0.1,0.0,0.3,0.5,1.8,battlke01,1991-92
33,28,Kenny Battle,SG,27,GSW,8,0,5.8,1.0,1.6,0.615,0.0,0.1,0.0,1.0,1.5,0.667,0.615,0.3,0.5,0.5,0.1,0.8,0.9,0.5,0.1,0.3,0.3,0.8,2.3,battlke01,1991-92
34,29,William Bedford,C,28,DET,32,8,11.3,1.6,3.8,0.413,0.0,0.0,0.0,1.6,3.8,0.417,0.413,0.4,0.7,0.636,0.8,1.2,2.0,0.4,0.2,0.6,0.5,1.8,3.6,bedfowi01,1991-92
35,30,Benoit Benjamin,C,27,SEA,63,61,30.8,5.6,11.7,0.478,0.0,0.0,0.0,5.6,11.7,0.48,0.478,2.7,4.0,0.687,2.1,6.1,8.1,1.2,0.6,1.9,2.8,2.9,14.0,benjabe01,1991-92
36,31,Winston Bennett,SF,26,TOT,54,45,15.4,1.5,3.9,0.379,0.0,0.0,0.0,1.5,3.9,0.381,0.379,0.6,0.9,0.7,1.2,1.8,3.0,0.7,0.4,0.2,0.6,2.3,3.6,bennewi01,1991-92
37,31,Winston Bennett,SF,26,CLE,52,45,16.0,1.5,4.0,0.378,0.0,0.0,0.0,1.5,4.0,0.38,0.378,0.7,1.0,0.7,1.2,1.9,3.1,0.7,0.4,0.2,0.6,2.3,3.7,bennewi01,1991-92
38,31,Winston Bennett,SF,26,MIA,2,0,1.0,0.5,1.0,0.5,0.0,0.0,,0.5,1.0,0.5,0.5,0.0,0.0,,0.5,0.0,0.5,0.0,0.0,0.0,0.0,0.5,1.0,bennewi01,1991-92
39,32,David Benoit,SF,23,UTA,77,2,15.1,2.3,4.9,0.467,0.0,0.2,0.214,2.2,4.7,0.476,0.471,1.1,1.3,0.81,1.4,2.5,3.8,0.4,0.2,0.6,0.9,1.6,5.6,benoida01,1991-92
40,33,Larry Bird*,SF,35,BOS,45,45,36.9,7.8,16.8,0.466,1.2,2.8,0.406,6.7,14.0,0.478,0.5,3.3,3.6,0.926,1.0,8.6,9.6,6.8,0.9,0.7,2.8,1.8,20.2,birdla01,1991-92
41,34,Rolando Blackman,SG,32,DAL,75,74,33.7,7.1,15.5,0.461,0.9,2.3,0.385,6.3,13.2,0.474,0.489,3.2,3.5,0.898,1.0,2.1,3.2,2.7,0.7,0.3,2.0,1.8,18.3,blackro01,1991-92
42,35,Lance Blanks,SG,25,DET,43,0,4.4,0.6,1.3,0.455,0.1,0.4,0.375,0.4,0.9,0.487,0.509,0.2,0.3,0.727,0.2,0.3,0.5,0.4,0.3,0.0,0.3,0.6,1.5,blankla01,1991-92
43,36,Mookie Blaylock,PG,24,NJN,72,67,35.4,6.0,13.8,0.432,0.2,0.8,0.222,5.8,13.0,0.444,0.438,1.8,2.5,0.712,1.4,2.3,3.7,6.8,2.4,0.6,2.1,2.5,13.8,blaylmo01,1991-92
44,37,Muggsy Bogues,PG,27,CHH,82,69,34.0,3.9,8.2,0.472,0.0,0.3,0.074,3.8,7.9,0.489,0.474,1.1,1.5,0.783,0.7,2.2,2.9,9.1,2.1,0.1,1.9,1.9,8.9,boguemu01,1991-92
45,38,Manute Bol,C,29,PHI,71,2,17.8,0.7,1.8,0.383,0.0,0.1,0.0,0.7,1.7,0.412,0.383,0.2,0.4,0.462,0.8,2.4,3.1,0.3,0.2,2.9,0.6,2.0,1.5,bolma01,1991-92
46,39,Anthony Bonner,PF,23,SAC,79,18,28.9,3.7,8.3,0.447,0.0,0.1,0.25,3.7,8.3,0.448,0.448,1.9,3.1,0.627,2.4,3.7,6.1,1.6,1.2,0.3,1.7,2.5,9.4,bonnean01,1991-92
47,40,Anthony Bowie,SG,28,ORL,52,26,33.1,6.0,12.2,0.493,0.3,0.8,0.386,5.7,11.3,0.501,0.506,2.3,2.6,0.86,1.3,3.4,4.7,3.1,1.1,0.7,2.1,1.9,14.6,bowiean01,1991-92
48,41,Sam Bowie,C,30,NJN,71,61,30.7,5.9,13.3,0.445,0.1,0.4,0.32,5.8,13.0,0.448,0.449,3.0,3.9,0.757,2.9,5.3,8.1,2.6,0.6,1.7,2.1,3.0,15.0,bowiesa01,1991-92
49,42,Terrell Brandon,PG,21,CLE,82,9,19.6,3.1,7.3,0.419,0.0,0.3,0.043,3.1,7.0,0.434,0.42,1.2,1.5,0.806,0.6,1.4,2.0,3.9,1.0,0.3,1.7,1.3,7.4,brandte01,1991-92
50,43,Randy Breuer,C,31,MIN,67,25,17.6,2.4,5.1,0.468,0.0,0.0,0.0,2.4,5.1,0.469,0.468,0.6,1.1,0.532,1.5,2.7,4.2,1.3,0.4,1.5,0.6,1.7,5.4,breuera01,1991-92
51,44,Frank Brickowski,PF,32,MIL,65,60,23.9,4.7,9.0,0.524,0.0,0.1,0.5,4.7,8.9,0.524,0.527,1.9,2.5,0.767,1.5,3.8,5.3,1.9,0.9,0.4,1.7,3.4,11.4,brickfr01,1991-92
52,45,Kevin Brooks,SF,22,DEN,37,0,7.3,1.2,2.6,0.443,0.1,0.3,0.182,1.1,2.3,0.477,0.454,0.5,0.6,0.81,0.4,0.7,1.1,0.3,0.2,0.1,0.5,0.5,2.8,brookke01,1991-92
53,46,Scott Brooks,PG,26,MIN,82,0,13.2,2.0,4.6,0.447,0.4,1.1,0.356,1.6,3.5,0.475,0.489,0.6,0.8,0.81,0.3,0.9,1.2,2.5,0.8,0.1,0.6,1.0,5.1,brooksc01,1991-92
54,47,Chucky Brown,SF,23,TOT,42,2,10.3,1.4,3.0,0.469,0.0,0.1,0.0,1.4,3.0,0.48,0.469,0.7,1.2,0.612,0.7,1.2,2.0,0.6,0.3,0.2,0.7,1.1,3.6,brownch01,1991-92
55,47,Chucky Brown,SF,23,CLE,6,0,8.3,0.8,1.7,0.5,0.0,0.0,,0.8,1.7,0.5,0.5,0.8,1.3,0.625,0.3,0.7,1.0,0.5,0.5,0.0,0.3,1.2,2.5,brownch01,1991-92
56,47,Chucky Brown,SF,23,LAL,36,2,10.6,1.5,3.3,0.466,0.0,0.1,0.0,1.5,3.2,0.478,0.466,0.7,1.1,0.61,0.8,1.3,2.1,0.6,0.3,0.2,0.8,1.1,3.8,brownch01,1991-92
57,48,Dee Brown,PG,23,BOS,31,20,28.5,4.8,11.3,0.426,0.2,0.7,0.227,4.6,10.6,0.439,0.433,1.9,2.5,0.769,0.5,2.1,2.5,5.3,1.1,0.2,1.9,2.4,11.7,brownde01,1991-92
58,49,Mike Brown,C,28,UTA,82,1,21.7,2.7,6.0,0.453,0.0,0.0,0.0,2.7,5.9,0.454,0.453,2.3,3.5,0.667,2.3,3.5,5.8,1.0,0.5,0.4,1.3,2.4,7.7,brownmi01,1991-92
59,50,Myron Brown,PG,22,MIN,4,0,5.8,1.0,1.5,0.667,0.3,0.8,0.333,0.8,0.8,1.0,0.75,0.0,0.0,,0.0,0.8,0.8,1.5,0.3,0.0,1.0,0.5,2.3,brownmy01,1991-92
60,51,Randy Brown,PG,23,SAC,56,0,9.6,1.4,3.0,0.456,0.0,0.1,0.0,1.4,2.9,0.472,0.456,0.7,1.0,0.655,0.5,0.8,1.2,1.1,0.6,0.2,0.8,1.2,3.4,brownra02,1991-92
61,52,Tony Brown,SF,31,TOT,57,2,11.5,1.8,4.4,0.41,0.3,1.1,0.302,1.5,3.3,0.446,0.448,0.8,1.2,0.727,0.6,0.9,1.5,0.8,0.5,0.1,0.6,1.4,4.8,brownto01,1991-92
62,52,Tony Brown,SF,31,LAC,22,0,11.5,1.8,4.0,0.438,0.3,1.0,0.318,1.5,3.0,0.478,0.478,0.8,1.3,0.621,0.4,0.9,1.3,0.7,0.5,0.0,0.6,1.4,4.7,brownto01,1991-92
63,52,Tony Brown,SF,31,SEA,35,2,11.5,1.8,4.6,0.394,0.3,1.2,0.293,1.5,3.4,0.429,0.431,0.9,1.1,0.811,0.7,0.9,1.6,0.9,0.5,0.1,0.6,1.5,4.8,brownto01,1991-92
64,53,Mark Bryant,PF,26,POR,56,0,14.3,1.7,3.5,0.48,0.0,0.1,0.0,1.7,3.5,0.487,0.48,0.7,1.1,0.667,1.6,2.0,3.6,0.7,0.5,0.1,0.5,1.9,4.1,bryanma01,1991-92
65,54,Jud Buechler,SF,23,TOT,28,0,10.4,1.0,2.5,0.408,0.0,0.0,0.0,1.0,2.5,0.414,0.408,0.4,0.8,0.571,0.6,1.2,1.9,0.8,0.7,0.3,0.5,1.1,2.5,buechju01,1991-92
66,54,Jud Buechler,SF,23,NJN,2,0,14.5,2.0,4.0,0.5,0.0,0.0,,2.0,4.0,0.5,0.5,0.0,0.0,,1.0,0.0,1.0,1.0,1.0,0.5,0.5,1.0,4.0,buechju01,1991-92
67,54,Jud Buechler,SF,23,SAS,11,0,12.7,1.4,2.7,0.5,0.0,0.0,,1.4,2.7,0.5,0.5,0.3,0.8,0.333,0.5,1.5,2.0,1.0,0.7,0.3,0.5,1.6,3.0,buechju01,1991-92
68,54,Jud Buechler,SF,23,GSW,15,0,8.1,0.7,2.2,0.303,0.0,0.1,0.0,0.7,2.1,0.313,0.303,0.6,0.8,0.75,0.7,1.2,1.9,0.7,0.6,0.2,0.5,0.7,1.9,buechju01,1991-92
69,55,Matt Bullard,PF,24,HOU,80,7,16.0,2.6,5.6,0.459,0.8,2.1,0.386,1.8,3.5,0.502,0.53,0.5,0.6,0.76,0.9,1.9,2.8,0.9,0.3,0.3,0.7,1.6,6.4,bullama01,1991-92
70,56,Willie Burton,SF,23,MIA,68,50,23.3,4.1,9.1,0.45,0.1,0.2,0.4,4.0,8.9,0.451,0.455,2.9,3.6,0.8,1.1,2.5,3.6,1.8,0.7,0.5,1.8,2.7,11.2,burtowi01,1991-92
71,57,Steve Burtt,SG,29,PHO,31,2,11.5,2.4,5.2,0.463,0.0,0.2,0.167,2.4,5.0,0.474,0.466,1.2,1.7,0.704,0.3,0.8,1.1,1.9,0.5,0.1,1.1,1.9,6.0,burttst01,1991-92
72,58,Michael Cage,PF,30,SEA,82,69,30.0,3.7,6.6,0.566,0.0,0.1,0.0,3.7,6.5,0.572,0.566,1.3,2.1,0.62,3.2,5.6,8.9,1.1,1.2,0.7,1.0,2.9,8.8,cagemi01,1991-92
73,59,Demetrius Calip,PG,22,LAL,7,0,8.3,0.6,2.6,0.222,0.1,0.7,0.2,0.4,1.9,0.231,0.25,0.3,0.4,0.667,0.1,0.6,0.7,1.7,0.1,0.0,0.7,1.1,1.6,calipde01,1991-92
74,60,Elden Campbell,C,23,LAL,81,47,23.2,2.7,6.1,0.448,0.0,0.0,0.0,2.7,6.0,0.45,0.448,1.7,2.8,0.619,1.9,3.3,5.2,0.7,0.7,2.0,0.9,2.5,7.1,campbel01,1991-92
75,61,Tony Campbell,SF,29,MIN,78,41,31.3,6.8,14.6,0.464,0.2,0.5,0.351,6.6,14.1,0.467,0.469,3.1,3.8,0.803,1.8,1.9,3.7,2.9,1.1,0.4,2.1,2.6,16.8,campbto01,1991-92
76,62,Antoine Carr,PF,30,SAS,81,27,23.0,4.4,9.0,0.49,0.0,0.1,0.2,4.4,9.0,0.492,0.491,2.0,2.6,0.764,1.6,2.7,4.3,0.8,0.4,1.2,1.4,3.3,10.9,carran01,1991-92
77,63,Bill Cartwright,C,34,CHI,64,64,23.0,3.3,7.0,0.467,0.0,0.0,,3.3,7.0,0.467,0.467,1.5,2.5,0.604,1.5,3.6,5.1,1.4,0.3,0.2,1.2,2.0,8.0,cartwbi01,1991-92
78,64,Terry Catledge,PF,28,ORL,78,67,31.2,5.9,11.8,0.496,0.0,0.1,0.0,5.9,11.8,0.498,0.496,3.1,4.4,0.694,3.3,3.7,7.0,1.4,0.7,0.2,1.8,2.5,14.8,catlete01,1991-92
79,65,Duane Causwell,C,23,SAC,80,77,28.6,3.1,5.7,0.549,0.0,0.0,0.0,3.1,5.7,0.551,0.549,1.7,2.8,0.613,2.5,4.8,7.3,0.7,0.6,2.7,1.6,3.5,8.0,causwdu01,1991-92
80,66,Cedric Ceballos,SF,22,PHO,64,4,11.3,2.8,5.7,0.482,0.0,0.1,0.167,2.7,5.6,0.487,0.484,1.7,2.3,0.736,0.9,1.4,2.4,0.8,0.3,0.2,1.1,0.8,7.2,cebalce01,1991-92
81,67,Tom Chambers,PF,32,PHO,69,66,28.2,6.2,14.3,0.431,0.3,0.7,0.367,5.9,13.6,0.434,0.44,3.7,4.5,0.83,1.2,4.6,5.8,2.1,0.8,0.5,1.5,2.8,16.3,chambto01,1991-92
82,68,Rex Chapman,PG-SG,24,TOT,22,11,25.8,5.1,11.5,0.448,0.4,1.3,0.276,4.8,10.1,0.471,0.464,1.6,2.4,0.679,0.5,2.2,2.6,4.0,0.7,0.4,2.0,2.3,12.3,chapmre01,1991-92
83,68,Rex Chapman,PG,24,CHH,21,11,26.0,5.1,11.4,0.45,0.4,1.3,0.296,4.8,10.1,0.469,0.467,1.7,2.5,0.679,0.4,2.1,2.6,4.1,0.7,0.4,2.0,2.2,12.4,chapmre01,1991-92
84,68,Rex Chapman,SG,24,WSB,1,0,22.0,5.0,12.0,0.417,0.0,2.0,0.0,5.0,10.0,0.5,0.417,0.0,0.0,,1.0,3.0,4.0,3.0,1.0,0.0,3.0,4.0,10.0,chapmre01,1991-92
85,69,Maurice Cheeks*,PG,35,ATL,56,0,19.4,2.1,4.4,0.462,0.1,0.1,0.5,2.0,4.3,0.461,0.468,0.5,0.8,0.605,0.5,1.2,1.7,3.3,1.5,0.0,0.6,1.3,4.6,cheekma01,1991-92
86,70,Pete Chilcutt,PF,23,SAC,69,2,11.8,1.6,3.6,0.452,0.0,0.0,1.0,1.6,3.6,0.448,0.456,0.3,0.4,0.821,1.1,1.6,2.7,0.6,0.5,0.2,0.6,1.0,3.6,chilcpe01,1991-92
87,71,Derrick Coleman,PF,24,NJN,65,58,34.0,7.4,14.7,0.504,0.4,1.2,0.303,7.1,13.6,0.522,0.516,4.6,6.0,0.763,3.1,6.4,9.5,3.2,0.8,1.5,3.8,2.6,19.8,colemde01,1991-92
88,72,Bimbo Coles,PG,23,MIA,81,28,24.4,3.6,8.0,0.455,0.1,0.6,0.192,3.5,7.4,0.477,0.462,2.7,3.2,0.824,0.9,1.5,2.3,4.5,0.9,0.2,2.1,1.9,10.1,colesbi01,1991-92
89,73,Marty Conlon,C,24,SEA,45,1,8.5,1.1,2.2,0.475,0.0,0.0,,1.1,2.2,0.475,0.475,0.5,0.7,0.75,0.7,0.8,1.5,0.3,0.2,0.2,0.6,0.9,2.7,conloma01,1991-92
90,74,Lester Conner,PG,32,MIL,81,9,17.5,1.3,3.0,0.431,0.0,0.1,0.0,1.3,2.9,0.444,0.431,1.0,1.4,0.704,0.8,1.5,2.3,3.6,1.2,0.1,1.0,1.1,3.5,connele01,1991-92
91,75,Anthony Cook,PF,24,DEN,22,0,5.2,0.7,1.1,0.6,0.0,0.0,,0.7,1.1,0.6,0.6,0.2,0.3,0.667,0.6,1.0,1.5,0.1,0.2,0.2,0.1,0.5,1.5,cookan01,1991-92
92,76,Wayne Cooper,C,35,POR,35,0,9.8,1.0,2.3,0.427,0.0,0.0,,1.0,2.3,0.427,0.427,0.2,0.3,0.636,1.1,1.8,2.9,0.6,0.1,0.8,0.4,1.6,2.2,coopewa01,1991-92
93,77,Tom Copa,C,27,SAS,33,1,4.0,0.7,1.2,0.55,0.0,0.0,,0.7,1.2,0.55,0.55,0.1,0.4,0.308,0.4,0.7,1.1,0.1,0.1,0.2,0.2,0.9,1.5,copato01,1991-92
94,78,Lanard Copeland,SG,26,LAC,10,0,4.8,0.7,2.3,0.304,0.0,0.2,0.0,0.7,2.1,0.333,0.304,0.2,0.2,1.0,0.1,0.6,0.7,0.5,0.2,0.0,0.4,0.5,1.6,copella01,1991-92
95,79,Tyrone Corbin,SF,29,TOT,80,9,27.6,3.8,7.9,0.481,0.0,0.1,0.0,3.8,7.8,0.484,0.481,2.2,2.5,0.866,2.0,3.9,5.9,1.8,1.0,0.3,1.2,2.4,9.8,corbity01,1991-92
96,79,Tyrone Corbin,SF,29,MIN,11,8,31.3,5.2,12.9,0.401,0.0,0.1,0.0,5.2,12.8,0.404,0.401,4.0,4.8,0.83,2.2,4.1,6.3,3.0,1.1,0.5,2.4,2.8,14.4,corbity01,1991-92
97,79,Tyrone Corbin,SF,29,UTA,69,1,27.0,3.6,7.1,0.504,0.0,0.0,0.0,3.6,7.0,0.507,0.504,1.9,2.1,0.878,2.0,3.8,5.8,1.6,1.0,0.2,1.0,2.3,9.0,corbity01,1991-92
98,80,Chris Corchiani,PG,23,ORL,51,1,14.5,1.5,3.8,0.399,0.2,0.7,0.27,1.3,3.1,0.429,0.425,1.8,2.0,0.875,0.4,1.2,1.5,2.8,0.9,0.0,1.5,1.8,5.0,corchch01,1991-92
99,81,Corey Crowder,SF,22,UTA,51,0,6.4,0.8,2.2,0.384,0.3,0.6,0.433,0.6,1.6,0.366,0.442,0.3,0.4,0.833,0.3,0.5,0.8,0.3,0.1,0.0,0.3,0.7,2.2,crowdco01,1991-92
100,82,Terry Cummings,PF,30,SAS,70,67,30.7,7.3,15.0,0.488,0.1,0.2,0.385,7.3,14.9,0.489,0.491,2.5,3.6,0.711,3.5,5.5,9.0,1.5,0.8,0.5,1.6,3.0,17.3,cummite01,1991-92
101,83,Dell Curry,SG,27,CHH,77,0,26.2,6.5,13.5,0.486,1.0,2.4,0.404,5.6,11.1,0.503,0.521,1.6,2.0,0.836,0.7,2.6,3.4,2.3,1.2,0.3,1.7,2.0,15.7,curryde01,1991-92
102,84,Quintin Dailey,SG,31,SEA,11,1,8.9,0.8,3.4,0.243,0.0,0.1,0.0,0.8,3.3,0.25,0.243,1.2,1.5,0.813,0.2,0.9,1.1,0.4,0.5,0.1,0.9,0.5,2.8,dailequ01,1991-92
103,85,Brad Daugherty,C,26,CLE,73,73,36.2,7.9,13.8,0.57,0.0,0.0,0.0,7.9,13.8,0.571,0.57,5.7,7.3,0.777,2.6,7.8,10.4,3.6,0.9,1.1,2.5,2.6,21.5,daughbr01,1991-92
104,86,Brad Davis,PG,36,DAL,33,0,13.0,1.2,2.6,0.442,0.2,0.5,0.278,1.0,2.1,0.485,0.471,0.3,0.5,0.733,0.1,0.9,1.0,2.0,0.3,0.1,0.8,1.7,2.8,davisbr01,1991-92
105,87,Dale Davis,PF,22,IND,64,23,20.3,2.4,4.4,0.552,0.0,0.0,0.0,2.4,4.3,0.554,0.552,1.4,2.4,0.572,2.5,3.9,6.4,0.5,0.4,1.2,0.8,3.0,6.2,davisda01,1991-92
106,88,Terry Davis,PF,24,DAL,68,67,31.6,3.8,7.8,0.482,0.0,0.1,0.0,3.8,7.7,0.487,0.482,2.7,4.2,0.635,3.4,6.5,9.9,0.8,0.4,0.4,1.7,3.0,10.2,daviste01,1991-92
107,89,Walter Davis*,SF,37,DEN,46,0,16.1,4.0,8.8,0.459,0.1,0.3,0.313,3.9,8.4,0.465,0.465,1.8,2.0,0.872,0.4,1.1,1.5,1.5,0.6,0.0,1.0,1.5,9.9,daviswa03,1991-92
108,90,Johnny Dawkins,PG,28,PHI,82,82,34.3,4.8,11.0,0.437,0.4,1.2,0.356,4.4,9.8,0.447,0.457,2.0,2.3,0.882,0.5,2.3,2.8,6.9,1.1,0.1,2.2,1.9,12.0,dawkijo01,1991-92
109,91,Bison Dele,PF,22,ORL,48,2,18.9,3.6,6.8,0.528,0.0,0.0,,3.6,6.8,0.528,0.528,2.0,3.0,0.669,2.4,3.3,5.7,0.7,0.9,1.1,1.8,2.9,9.1,delebi01,1991-92
110,92,Vlade Divac*,C,23,LAL,36,18,27.2,4.4,8.8,0.495,0.1,0.5,0.263,4.2,8.3,0.51,0.503,2.4,3.1,0.768,2.4,4.4,6.9,1.7,1.5,1.0,2.4,3.2,11.3,divacvl01,1991-92
111,93,James Donaldson,C,34,TOT,58,32,18.5,1.9,4.2,0.457,0.0,0.0,,1.9,4.2,0.457,0.457,1.1,1.5,0.709,1.7,3.3,5.0,0.6,0.1,0.8,0.8,1.8,4.9,donalja01,1991-92
112,93,James Donaldson,C,34,DAL,44,32,22.6,2.4,5.2,0.471,0.0,0.0,,2.4,5.2,0.471,0.471,1.3,1.9,0.702,2.2,3.9,6.1,0.7,0.2,1.0,0.9,2.0,6.2,donalja01,1991-92
113,93,James Donaldson,C,34,NYK,14,0,5.8,0.4,1.3,0.278,0.0,0.0,,0.4,1.3,0.278,0.278,0.1,0.1,1.0,0.1,1.2,1.4,0.1,0.0,0.4,0.5,1.2,0.9,donalja01,1991-92
114,94,Sherman Douglas,PG,25,TOT,42,2,17.9,2.8,6.0,0.462,0.0,0.2,0.1,2.8,5.8,0.477,0.464,1.7,2.5,0.682,0.3,1.2,1.5,4.1,0.6,0.2,1.6,1.9,7.3,douglsh01,1991-92
115,94,Sherman Douglas,PG,25,MIA,5,2,19.6,3.2,6.2,0.516,0.0,0.2,0.0,3.2,6.0,0.533,0.516,1.0,1.4,0.714,0.2,1.0,1.2,3.8,0.8,0.0,1.6,2.0,7.4,douglsh01,1991-92
116,94,Sherman Douglas,PG,25,BOS,37,0,17.7,2.7,6.0,0.455,0.0,0.2,0.111,2.7,5.8,0.469,0.457,1.8,2.7,0.68,0.3,1.2,1.5,4.1,0.6,0.2,1.6,1.8,7.3,douglsh01,1991-92
117,95,Greg Dreiling,C,29,IND,60,23,8.5,0.7,1.5,0.494,0.0,0.0,1.0,0.7,1.4,0.488,0.5,0.5,0.7,0.75,0.4,1.2,1.6,0.4,0.2,0.3,0.5,2.1,2.0,dreilgr01,1991-92
118,96,Clyde Drexler*,SG,29,POR,76,76,36.2,9.1,19.4,0.47,1.5,4.4,0.337,7.6,15.0,0.51,0.509,5.3,6.6,0.794,2.2,4.4,6.6,6.7,1.8,0.9,3.2,3.0,25.0,drexlcl01,1991-92
119,97,Kevin Duckworth,C,27,POR,82,82,27.1,4.4,9.6,0.461,0.0,0.0,0.0,4.4,9.5,0.462,0.461,1.9,2.8,0.69,1.8,4.2,6.1,1.2,0.5,0.5,1.7,3.2,10.7,duckwke01,1991-92
120,98,Chris Dudley,C,26,NJN,82,21,23.2,2.3,5.8,0.403,0.0,0.0,,2.3,5.8,0.403,0.403,1.0,2.1,0.468,4.2,4.8,9.0,0.7,0.5,2.2,1.0,3.4,5.6,dudlech02,1991-92
121,99,Joe Dumars*,SG,28,DET,82,82,38.9,7.2,16.0,0.448,0.6,1.5,0.408,6.6,14.5,0.452,0.466,5.0,5.8,0.867,1.0,1.3,2.3,4.6,0.9,0.1,2.4,1.8,19.9,dumarjo01,1991-92
122,100,Ledell Eackles,SG,25,WSB,65,25,22.5,5.5,11.7,0.468,0.1,0.5,0.2,5.4,11.1,0.481,0.472,2.1,2.9,0.743,0.6,2.1,2.7,1.9,0.7,0.1,1.2,2.2,13.2,eacklle01,1991-92
123,101,Mark Eaton,C,35,UTA,81,81,25.0,1.3,3.0,0.446,0.0,0.0,,1.3,3.0,0.446,0.446,0.6,1.1,0.598,1.9,4.2,6.1,0.5,0.4,2.5,0.7,3.0,3.3,eatonma01,1991-92
124,102,Patrick Eddie,C,24,NYK,4,0,3.3,0.5,2.3,0.222,0.0,0.0,,0.5,2.3,0.222,0.222,0.0,0.0,,0.0,0.3,0.3,0.0,0.0,0.0,0.0,0.8,1.0,eddiepa01,1991-92
125,103,Blue Edwards,SF,26,UTA,81,81,28.2,5.3,10.2,0.522,0.5,1.3,0.379,4.9,9.0,0.542,0.545,1.4,1.8,0.774,1.1,2.6,3.7,1.7,1.0,0.6,1.5,2.9,12.6,edwarbl01,1991-92
126,104,James Edwards,C,36,LAC,72,11,20.0,3.5,7.5,0.465,0.0,0.0,0.0,3.5,7.5,0.466,0.465,2.8,3.8,0.731,0.8,2.0,2.8,0.7,0.3,0.5,1.0,3.3,9.7,edwarja01,1991-92
127,105,Kevin Edwards,PG,26,MIA,81,1,22.7,4.0,8.8,0.454,0.1,0.4,0.219,3.9,8.4,0.465,0.459,2.0,2.4,0.848,0.7,1.9,2.6,2.1,1.2,0.2,1.5,1.7,10.1,edwarke01,1991-92
128,106,Craig Ehlo,SG,30,CLE,63,62,32.0,4.9,10.9,0.453,1.1,2.7,0.413,3.8,8.2,0.466,0.504,1.4,2.0,0.707,1.5,3.4,4.9,3.8,1.2,0.3,1.7,2.4,12.3,ehlocr01,1991-92
129,107,Mario Elie,SG,28,GSW,79,32,21.2,2.8,5.4,0.521,0.3,0.9,0.329,2.5,4.5,0.559,0.548,2.0,2.3,0.852,0.9,2.0,2.9,2.2,0.9,0.2,1.1,2.0,7.8,eliema01,1991-92
130,108,Sean Elliott,SF,23,SAS,82,82,38.0,6.3,12.7,0.494,0.3,1.0,0.305,6.0,11.7,0.51,0.506,3.5,4.0,0.861,1.7,3.6,5.4,2.6,1.0,0.4,1.9,1.8,16.3,elliose01,1991-92
131,109,Dale Ellis,SF,31,MIL,81,11,27.0,6.0,12.8,0.469,1.7,4.1,0.419,4.3,8.7,0.492,0.536,2.0,2.6,0.774,1.1,2.0,3.1,1.3,0.7,0.2,1.5,1.9,15.7,ellisda01,1991-92
132,110,LeRon Ellis,C,22,LAC,29,0,3.6,0.6,1.7,0.34,0.0,0.0,,0.6,1.7,0.34,0.34,0.3,0.7,0.474,0.4,0.4,0.8,0.0,0.2,0.3,0.4,0.4,1.5,ellisle02,1991-92
133,111,Pervis Ellison,C,24,WSB,66,64,38.0,8.3,15.4,0.539,0.0,0.0,0.333,8.3,15.3,0.54,0.54,3.4,4.7,0.728,3.3,7.9,11.2,2.9,0.9,2.7,3.0,3.4,20.0,ellispe01,1991-92
134,112,A.J. English,SG,24,WSB,81,6,20.6,4.5,10.4,0.433,0.1,0.4,0.176,4.4,10.0,0.443,0.436,1.8,2.2,0.841,0.9,1.2,2.1,1.8,0.4,0.1,1.1,2.0,10.9,engliaj01,1991-92
135,113,Patrick Ewing*,C,29,NYK,82,82,38.4,9.7,18.6,0.522,0.0,0.1,0.167,9.7,18.5,0.523,0.522,4.6,6.2,0.738,2.8,8.5,11.2,1.9,1.1,3.0,2.5,3.4,24.0,ewingpa01,1991-92
136,114,Dave Feitl,C,29,NJN,34,0,5.1,1.0,2.3,0.429,0.0,0.0,,1.0,2.3,0.429,0.429,0.5,0.6,0.842,0.6,1.2,1.8,0.2,0.1,0.1,0.6,0.6,2.4,feitlda01,1991-92
137,115,Duane Ferrell,SF,26,ATL,66,12,24.2,5.0,9.6,0.524,0.2,0.5,0.333,4.8,9.1,0.534,0.532,2.5,3.3,0.761,1.6,1.6,3.2,1.4,0.7,0.3,1.5,2.0,12.7,ferredu01,1991-92
138,116,Danny Ferry,PF,25,CLE,68,1,13.8,2.0,4.8,0.409,0.3,0.7,0.354,1.7,4.1,0.418,0.434,0.9,1.1,0.836,0.8,2.4,3.1,1.1,0.3,0.2,0.7,2.0,5.1,ferryda01,1991-92
139,117,Vern Fleming,PG,29,IND,82,6,21.2,3.6,7.4,0.482,0.1,0.3,0.222,3.5,7.1,0.494,0.487,1.6,2.2,0.737,0.8,1.7,2.5,3.2,0.7,0.1,1.7,1.6,8.9,flemive01,1991-92
140,118,Sleepy Floyd,PG,31,HOU,82,3,20.3,3.5,8.6,0.406,0.5,1.5,0.301,3.0,7.1,0.429,0.433,1.6,2.1,0.794,0.4,1.4,1.8,2.9,0.7,0.3,1.6,1.6,9.1,floydsl01,1991-92
141,119,Greg Foster,PF,23,WSB,49,3,11.2,1.8,3.9,0.461,0.0,0.0,0.0,1.8,3.9,0.464,0.461,0.7,1.0,0.714,0.9,2.1,3.0,0.7,0.1,0.2,0.7,1.7,4.3,fostegr01,1991-92
142,120,Rick Fox,SF,22,BOS,81,5,19.0,3.0,6.5,0.459,0.3,0.9,0.329,2.7,5.6,0.479,0.481,1.7,2.3,0.755,0.9,1.8,2.7,1.6,1.0,0.4,1.5,2.8,8.0,foxri01,1991-92
143,121,Tellis Frank,PF,26,MIN,10,0,14.0,1.8,3.3,0.545,0.0,0.0,,1.8,3.3,0.545,0.545,1.0,1.5,0.667,0.8,1.8,2.6,0.8,0.5,0.4,0.5,2.4,4.6,frankte01,1991-92
144,122,Anthony Frederick,SF,27,CHH,66,26,12.9,2.4,5.6,0.435,0.1,0.3,0.235,2.4,5.3,0.445,0.441,1.0,1.4,0.685,1.1,1.0,2.2,1.1,0.6,0.4,0.9,1.4,5.9,fredean01,1991-92
145,123,Kevin Gamble,SF,26,BOS,82,77,30.4,5.9,11.1,0.529,0.1,0.4,0.29,5.7,10.7,0.537,0.534,1.7,1.9,0.885,1.0,2.5,3.5,2.7,0.9,0.5,1.2,2.4,13.5,gamblke01,1991-92
146,124,Winston Garland,PG,27,DEN,78,67,28.3,4.3,9.6,0.444,0.1,0.4,0.321,4.2,9.3,0.449,0.45,2.2,2.6,0.859,0.9,1.6,2.4,5.3,1.3,0.3,2.2,2.6,10.8,garlawi01,1991-92
147,125,Tom Garrick,SG,25,TOT,40,5,13.7,1.5,3.6,0.413,0.0,0.1,0.25,1.5,3.5,0.417,0.416,0.5,0.7,0.692,0.3,1.1,1.4,2.5,0.9,0.1,1.1,1.4,3.4,garrito01,1991-92
148,125,Tom Garrick,SG,25,SAS,19,5,19.7,2.3,4.9,0.473,0.0,0.1,0.0,2.3,4.8,0.478,0.473,0.5,0.8,0.625,0.4,1.7,2.2,3.3,1.1,0.1,1.6,1.7,5.2,garrito01,1991-92
149,125,Tom Garrick,SG,25,MIN,15,0,7.5,0.7,2.2,0.333,0.1,0.1,0.5,0.7,2.1,0.323,0.348,0.4,0.5,0.75,0.1,0.5,0.6,1.2,0.5,0.2,0.7,0.9,1.9,garrito01,1991-92
150,125,Tom Garrick,SG,25,DAL,6,0,10.5,0.7,2.8,0.235,0.0,0.2,0.0,0.7,2.7,0.25,0.235,0.3,0.3,1.0,0.3,0.7,1.0,2.8,1.3,0.0,0.7,1.2,1.7,garrito01,1991-92
151,126,Chris Gatling,PF,24,GSW,54,1,11.3,2.2,3.8,0.568,0.0,0.1,0.0,2.2,3.7,0.579,0.568,1.3,2.0,0.661,1.4,2.0,3.4,0.3,0.6,0.7,0.8,1.9,5.7,gatlich01,1991-92
152,127,Kenny Gattison,PF,27,CHH,82,71,27.1,5.2,9.7,0.529,0.0,0.0,0.0,5.2,9.7,0.531,0.529,2.4,3.5,0.688,2.2,4.9,7.1,1.6,0.7,0.8,1.7,3.3,12.7,gattike01,1991-92
153,128,Tate George,SG,23,NJN,70,2,14.8,2.4,5.5,0.427,0.0,0.1,0.167,2.3,5.4,0.432,0.429,1.2,1.5,0.821,0.5,1.0,1.5,2.3,0.6,0.0,1.2,1.4,6.0,georgta01,1991-92
154,129,Kendall Gill,SG,23,CHH,79,79,36.8,8.4,18.1,0.467,0.1,0.3,0.24,8.4,17.7,0.471,0.469,3.6,4.8,0.745,2.1,3.0,5.1,4.2,1.9,0.6,2.3,3.0,20.5,gillke01,1991-92
155,130,Armen Gilliam,PF,27,PHI,81,81,34.2,6.3,12.4,0.511,0.0,0.0,0.0,6.3,12.3,0.513,0.511,4.2,5.2,0.807,2.9,5.3,8.1,1.5,0.6,1.0,2.0,2.2,16.9,gilliar01,1991-92
156,131,Gerald Glass,SF,24,MIN,75,41,24.3,5.1,11.6,0.44,0.2,0.7,0.296,4.9,10.9,0.449,0.449,1.0,1.7,0.616,1.4,2.0,3.5,2.3,0.9,0.4,1.4,2.3,11.5,glassge01,1991-92
157,132,Mike Gminski,C,32,CHH,35,10,14.3,2.6,5.7,0.452,0.0,0.1,0.333,2.5,5.6,0.454,0.455,0.6,0.8,0.75,1.1,2.3,3.4,0.9,0.3,0.5,0.6,1.1,5.8,gminsmi01,1991-92
158,133,Dan Godfread,C,24,HOU,1,0,2.0,0.0,0.0,,0.0,0.0,,0.0,0.0,,,0.0,0.0,,0.0,0.0,0.0,0.0,0.0,0.0,0.0,0.0,0.0,godfrda01,1991-92
159,134,Paul Graham,SG,24,ATL,78,9,22.0,3.9,8.7,0.447,0.7,1.8,0.39,3.2,6.9,0.462,0.488,1.6,2.2,0.741,0.9,2.0,3.0,2.2,1.2,0.3,1.2,2.5,10.1,grahapa01,1991-92
160,135,Ron Grandison,PF,27,CHH,3,0,8.3,0.7,1.3,0.5,0.0,0.0,,0.7,1.3,0.5,0.5,2.0,3.3,0.6,1.0,2.7,3.7,0.3,0.3,0.3,1.0,1.3,3.3,grandro01,1991-92
161,136,Gary Grant,PG,26,LAC,78,53,26.3,3.5,7.6,0.462,0.2,0.7,0.294,3.3,7.0,0.478,0.475,0.6,0.7,0.815,0.4,1.9,2.4,6.9,1.8,0.2,2.4,2.3,7.8,grantga01,1991-92
162,137,Greg Grant,PG,25,TOT,68,0,13.1,1.5,3.3,0.44,0.1,0.3,0.389,1.4,3.0,0.444,0.456,0.3,0.4,0.833,0.2,0.8,1.0,3.2,0.7,0.0,0.7,1.1,3.3,grantgr01,1991-92
163,137,Greg Grant,PG,25,CHH,13,0,4.4,0.0,0.6,0.0,0.0,0.0,,0.0,0.6,0.0,0.0,0.1,0.2,0.5,0.1,0.2,0.3,1.4,0.6,0.0,0.4,0.2,0.1,grantgr01,1991-92
164,137,Greg Grant,PG,25,PHI,55,0,15.2,1.8,3.9,0.456,0.1,0.3,0.389,1.7,3.6,0.462,0.472,0.3,0.4,0.864,0.2,0.9,1.2,3.6,0.7,0.0,0.7,1.3,4.1,grantgr01,1991-92
165,138,Harvey Grant,SF,26,WSB,64,60,37.3,7.6,16.0,0.478,0.0,0.1,0.125,7.6,15.8,0.481,0.479,2.8,3.4,0.8,2.5,4.3,6.8,2.7,1.2,0.4,1.7,2.8,18.0,grantha01,1991-92
166,139,Horace Grant,PF,26,CHI,81,81,35.3,5.6,9.8,0.578,0.0,0.0,0.0,5.6,9.7,0.58,0.578,2.9,3.9,0.741,4.2,5.7,10.0,2.7,1.2,1.6,1.2,2.4,14.2,grantho01,1991-92
167,140,Jeff Grayer,SG,26,MIL,82,11,20.2,3.8,8.4,0.448,0.2,0.8,0.288,3.5,7.6,0.465,0.462,1.2,1.9,0.667,1.6,1.6,3.1,1.8,0.8,0.2,1.3,1.7,9.0,grayeje01,1991-92
168,141,A.C. Green,PF,28,LAL,82,53,35.4,4.7,9.8,0.476,0.1,0.7,0.214,4.5,9.1,0.495,0.483,4.1,5.6,0.744,3.7,5.6,9.3,1.4,1.1,0.4,1.4,1.7,13.6,greenac01,1991-92
169,142,Rickey Green,PG,37,BOS,26,0,14.1,1.8,4.0,0.447,0.0,0.2,0.25,1.7,3.8,0.455,0.451,0.5,0.7,0.722,0.1,0.8,0.9,2.6,0.7,0.0,0.7,1.1,4.1,greenri01,1991-92
170,143,Sean Green,SG,21,IND,35,0,7.3,1.8,4.5,0.392,0.1,0.3,0.2,1.7,4.2,0.405,0.399,0.4,0.8,0.536,0.6,0.6,1.2,0.6,0.4,0.2,0.8,0.9,4.0,greense01,1991-92
171,144,Sidney Green,PF,31,SAS,80,1,14.1,1.8,4.3,0.427,0.0,0.0,,1.8,4.3,0.427,0.427,0.9,1.1,0.82,1.2,3.1,4.3,0.5,0.4,0.1,0.8,1.9,4.6,greensi02,1991-92
172,145,Jack Haley,C,28,LAL,49,9,8.0,0.6,1.7,0.369,0.0,0.0,,0.6,1.7,0.369,0.369,0.3,0.6,0.483,0.6,1.3,1.9,0.1,0.1,0.2,0.5,1.5,1.6,haleyja01,1991-92
173,146,Tom Hammonds,PF,24,WSB,37,19,26.6,5.3,10.8,0.488,0.0,0.0,0.0,5.3,10.8,0.489,0.488,1.4,2.2,0.61,1.3,3.7,5.0,1.0,0.6,0.4,1.6,3.2,11.9,hammoto01,1991-92
174,147,Bob Hansen,SG,31,TOT,68,2,11.9,1.2,2.6,0.444,0.1,0.4,0.259,1.1,2.2,0.477,0.463,0.1,0.3,0.364,0.3,0.9,1.1,1.0,0.4,0.0,0.4,2.0,2.5,hansebo01,1991-92
175,147,Bob Hansen,SG,31,SAC,2,2,20.0,2.0,4.5,0.444,0.0,1.0,0.0,2.0,3.5,0.571,0.444,0.0,0.0,,1.0,1.0,2.0,0.5,0.5,0.0,0.0,3.0,4.0,hansebo01,1991-92
176,147,Bob Hansen,SG,31,CHI,66,0,11.7,1.1,2.6,0.444,0.1,0.4,0.28,1.0,2.2,0.472,0.464,0.1,0.3,0.364,0.2,0.9,1.1,1.0,0.4,0.0,0.4,1.9,2.5,hansebo01,1991-92
177,148,Tim Hardaway*,PG,25,GSW,81,81,41.1,9.1,19.7,0.461,1.6,4.6,0.338,7.5,15.0,0.499,0.501,3.7,4.8,0.766,1.0,2.8,3.8,10.0,2.0,0.2,3.3,2.6,23.4,hardati01,1991-92
178,149,Derek Harper,PG,30,DAL,65,64,34.6,6.9,15.6,0.443,0.9,2.9,0.312,6.0,12.7,0.473,0.472,3.0,4.0,0.759,0.8,1.9,2.6,5.7,1.6,0.3,2.4,2.3,17.7,harpede01,1991-92
179,150,Ron Harper,SG,28,LAC,82,82,38.3,6.9,15.8,0.44,0.8,2.6,0.303,6.2,13.2,0.467,0.465,3.6,4.9,0.736,1.5,4.0,5.5,5.1,1.9,0.9,3.1,2.4,18.2,harpero01,1991-92
180,151,Scott Hastings,C,31,DEN,40,4,10.5,0.4,1.3,0.34,0.0,0.2,0.0,0.4,1.0,0.415,0.34,0.6,0.7,0.857,0.8,1.7,2.5,0.7,0.3,0.4,0.6,1.4,1.5,hastisc01,1991-92
181,152,Hersey Hawkins,SG,25,PHI,81,81,37.2,6.4,13.9,0.462,1.1,2.8,0.397,5.3,11.1,0.479,0.503,5.0,5.7,0.874,0.7,2.7,3.3,3.1,1.9,0.5,2.3,2.1,19.0,hawkihe01,1991-92
182,153,Gerald Henderson,PG,36,TOT,16,0,6.0,0.8,2.0,0.375,0.2,0.5,0.375,0.6,1.5,0.375,0.422,0.6,0.7,0.818,0.1,0.4,0.5,0.6,0.2,0.0,0.5,0.8,2.3,hendege01,1991-92
183,153,Gerald Henderson,PG,36,HOU,8,0,4.3,0.5,1.4,0.364,0.0,0.4,0.0,0.5,1.0,0.5,0.364,0.5,0.8,0.667,0.1,0.1,0.3,0.6,0.0,0.0,0.5,0.5,1.5,hendege01,1991-92
184,153,Gerald Henderson,PG,36,DET,8,0,7.8,1.0,2.6,0.381,0.4,0.6,0.6,0.6,2.0,0.313,0.452,0.6,0.6,1.0,0.0,0.8,0.8,0.6,0.4,0.0,0.5,1.0,3.0,hendege01,1991-92
185,154,Steve Henson,PG,23,MIL,50,1,7.7,1.0,2.9,0.361,0.5,1.0,0.479,0.6,1.9,0.302,0.441,0.5,0.6,0.793,0.3,0.5,0.8,1.6,0.3,0.0,0.8,1.0,3.0,hensost01,1991-92
186,155,Carl Herrera,PF,25,HOU,43,7,13.2,1.9,3.7,0.516,0.0,0.0,0.0,1.9,3.7,0.519,0.516,0.6,1.0,0.568,0.8,1.5,2.3,0.6,0.4,0.6,0.9,1.4,4.4,herreca01,1991-92
187,156,Rod Higgins,SF,32,GSW,25,6,21.4,3.5,8.4,0.412,1.3,3.8,0.347,2.2,4.6,0.466,0.491,1.9,2.4,0.814,1.2,2.2,3.4,0.9,0.6,0.5,0.6,3.0,10.2,higgiro01,1991-92
188,157,Sean Higgins,PF-SF,23,TOT,38,12,16.2,3.3,7.3,0.458,0.2,0.7,0.24,3.2,6.6,0.48,0.469,0.8,0.9,0.861,0.8,1.9,2.7,1.1,0.4,0.2,1.1,1.5,7.7,higgise01,1991-92
189,157,Sean Higgins,SF,23,SAS,6,0,6.0,0.7,2.5,0.267,0.0,0.2,0.0,0.7,2.3,0.286,0.267,1.2,1.2,1.0,0.3,1.0,1.3,0.7,0.3,0.0,0.7,1.0,2.5,higgise01,1991-92
190,157,Sean Higgins,PF,23,ORL,32,12,18.1,3.8,8.2,0.469,0.2,0.8,0.25,3.7,7.4,0.492,0.481,0.8,0.9,0.828,0.8,2.1,2.9,1.2,0.4,0.2,1.2,1.6,8.6,higgise01,1991-92
191,158,Tyrone Hill,C,23,GSW,82,75,23.0,3.1,5.9,0.522,0.0,0.0,0.0,3.1,5.9,0.523,0.522,2.0,2.9,0.694,2.2,5.0,7.2,0.6,0.9,0.5,1.3,3.8,8.2,hillty01,1991-92
192,159,Donald Hodge,PF,22,DAL,51,27,20.7,3.2,6.4,0.497,0.0,0.0,,3.2,6.4,0.497,0.497,2.0,2.9,0.667,2.3,3.1,5.4,0.8,0.5,0.5,1.5,2.5,8.4,hodgedo01,1991-92
193,160,Craig Hodges,SG,31,CHI,56,2,9.9,1.7,4.3,0.384,0.6,1.7,0.375,1.0,2.6,0.39,0.459,0.3,0.3,0.941,0.1,0.3,0.4,1.0,0.3,0.0,0.4,0.6,4.3,hodgecr01,1991-92
194,161,Dave Hoppen,C,27,PHI,11,0,3.6,0.2,0.6,0.286,0.0,0.0,,0.2,0.6,0.286,0.286,0.5,0.9,0.5,0.1,0.8,0.9,0.2,0.0,0.0,0.3,0.5,0.8,hoppeda01,1991-92
195,162,Dennis Hopson,SG,26,TOT,71,0,18.5,3.9,8.4,0.465,0.2,0.7,0.255,3.7,7.7,0.484,0.476,2.5,3.6,0.708,1.5,1.4,2.9,1.4,0.9,0.5,1.4,1.6,10.5,hopsode01,1991-92
196,162,Dennis Hopson,SG,26,CHI,2,0,5.0,0.5,1.0,0.5,0.0,0.0,,0.5,1.0,0.5,0.5,0.0,0.0,,0.0,0.0,0.0,0.0,0.5,0.0,0.0,1.0,1.0,hopsode01,1991-92
197,162,Dennis Hopson,SG,26,SAC,69,0,18.9,4.0,8.6,0.465,0.2,0.7,0.255,3.8,7.9,0.483,0.475,2.6,3.7,0.708,1.5,1.5,3.0,1.5,1.0,0.6,1.4,1.6,10.7,hopsode01,1991-92
198,163,Jeff Hornacek,SG,28,PHO,81,81,38.0,7.8,15.3,0.512,1.0,2.3,0.439,6.8,13.0,0.525,0.546,3.4,3.9,0.886,1.3,3.7,5.0,5.1,2.0,0.4,2.1,2.7,20.1,hornaje01,1991-92
199,164,Brian Howard,SF,24,DAL,27,0,11.8,2.0,3.9,0.519,0.0,0.1,0.5,2.0,3.8,0.52,0.524,0.8,1.1,0.71,0.6,1.3,1.9,0.5,0.4,0.3,0.6,2.0,4.9,howarbr01,1991-92
200,165,Jay Humphries,PG,29,MIL,71,71,31.8,5.3,11.3,0.469,0.6,2.0,0.292,4.7,9.3,0.508,0.496,2.7,3.5,0.783,0.6,2.0,2.6,6.6,1.7,0.2,2.1,3.0,14.0,humphja01,1991-92
201,166,Cedric Hunter,PG,27,CHH,1,0,1.0,0.0,0.0,,0.0,0.0,,0.0,0.0,,,0.0,0.0,,0.0,0.0,0.0,0.0,0.0,0.0,0.0,0.0,0.0,huntece01,1991-92
202,167,Mike Iuzzolino,PG,24,DAL,52,21,24.6,3.1,6.8,0.451,1.1,2.6,0.434,1.9,4.2,0.461,0.534,2.1,2.5,0.836,0.5,1.4,1.9,3.7,0.6,0.0,1.8,1.5,9.3,iuzzomi01,1991-92
203,168,Jaren Jackson,SG,24,GSW,5,0,10.8,2.2,4.6,0.478,0.0,0.0,,2.2,4.6,0.478,0.478,0.8,1.2,0.667,1.0,1.0,2.0,0.6,0.4,0.0,0.8,1.4,5.2,jacksja01,1991-92
204,169,Mark Jackson,PG,26,NYK,81,81,30.4,4.5,9.2,0.491,0.1,0.5,0.256,4.4,8.7,0.506,0.499,2.1,2.7,0.77,1.2,2.6,3.8,8.6,1.4,0.2,2.6,1.9,11.3,jacksma01,1991-92
205,170,Dave Jamerson,SG,24,HOU,48,0,7.9,1.6,4.0,0.414,0.2,0.6,0.286,1.5,3.4,0.436,0.435,0.5,0.6,0.926,0.5,0.4,0.9,0.7,0.4,0.0,0.5,0.8,4.0,jamerda01,1991-92
206,171,Henry James,SF,26,CLE,65,5,13.3,2.5,6.2,0.407,0.4,1.4,0.322,2.1,4.8,0.431,0.443,0.9,1.2,0.803,0.5,1.2,1.7,0.4,0.2,0.2,0.7,1.4,6.4,jameshe01,1991-92
207,172,Les Jepsen,C,24,SAC,31,0,2.8,0.3,0.8,0.375,0.0,0.0,0.0,0.3,0.7,0.391,0.375,0.2,0.4,0.636,0.4,0.6,1.0,0.0,0.0,0.2,0.1,0.5,0.8,jepsele01,1991-92
208,173,Avery Johnson,PG,26,TOT,69,15,17.9,2.3,4.8,0.479,0.1,0.2,0.267,2.2,4.6,0.489,0.485,1.0,1.5,0.653,0.2,1.0,1.2,3.9,0.9,0.1,1.6,1.3,5.6,johnsav01,1991-92
209,173,Avery Johnson,PG,26,SAS,20,14,23.2,2.8,5.4,0.509,0.1,0.3,0.2,2.7,5.2,0.524,0.514,1.2,1.6,0.75,0.3,1.5,1.8,5.0,1.1,0.2,2.3,2.2,6.8,johnsav01,1991-92
210,173,Avery Johnson,PG,26,HOU,49,1,15.8,2.1,4.5,0.464,0.1,0.2,0.3,2.0,4.3,0.472,0.471,0.9,1.4,0.609,0.2,0.8,0.9,3.4,0.8,0.1,1.3,0.9,5.1,johnsav01,1991-92
211,174,Buck Johnson,SF,28,HOU,80,69,27.5,3.6,7.9,0.458,0.0,0.1,0.111,3.6,7.8,0.463,0.459,1.3,1.8,0.727,1.2,2.7,3.9,2.0,0.9,0.6,1.3,2.9,8.6,johnsbu01,1991-92
212,175,Eddie Johnson,SF,32,SEA,81,19,29.2,6.6,14.4,0.459,0.3,1.3,0.252,6.3,13.0,0.48,0.47,3.6,4.2,0.861,1.5,2.1,3.6,2.0,0.7,0.1,1.6,2.5,17.1,johnsed03,1991-92
213,176,Kevin Johnson,PG,25,PHO,78,78,37.2,6.9,14.4,0.479,0.1,0.6,0.217,6.8,13.8,0.49,0.484,5.7,7.1,0.807,0.8,3.0,3.7,10.7,1.5,0.3,3.5,2.3,19.7,johnske02,1991-92
214,177,Larry Johnson,PF,22,CHH,82,77,37.2,7.5,15.3,0.49,0.1,0.3,0.227,7.5,15.1,0.494,0.492,4.1,5.0,0.829,3.9,7.0,11.0,3.6,1.0,0.6,2.0,2.7,19.2,johnsla02,1991-92
215,178,Vinnie Johnson,SG,35,SAS,60,23,22.5,3.4,8.3,0.405,0.3,1.0,0.317,3.1,7.3,0.417,0.424,0.9,1.4,0.647,1.1,1.9,3.0,2.4,0.7,0.2,1.2,1.6,8.0,johnsvi01,1991-92
216,179,Charles Jones,C,34,WSB,75,32,18.2,0.4,1.2,0.367,0.0,0.0,,0.4,1.2,0.367,0.367,0.3,0.5,0.5,1.4,2.8,4.2,0.8,0.6,1.2,0.5,2.9,1.1,jonesch01,1991-92
217,180,Michael Jordan*,SG,28,CHI,80,80,38.8,11.8,22.7,0.519,0.3,1.3,0.27,11.5,21.5,0.533,0.526,6.1,7.4,0.832,1.1,5.3,6.4,6.1,2.3,0.9,2.5,2.5,30.1,jordami01,1991-92
218,181,Shawn Kemp,PF,22,SEA,64,23,28.3,5.7,11.2,0.504,0.0,0.0,0.0,5.7,11.2,0.506,0.504,4.2,5.6,0.748,4.1,6.3,10.4,1.3,1.1,1.9,2.4,4.1,15.5,kempsh01,1991-92
219,182,Steve Kerr,PG,26,CLE,48,20,17.6,2.5,4.9,0.511,0.7,1.5,0.432,1.9,3.4,0.546,0.578,0.9,1.1,0.833,0.3,1.3,1.6,2.3,0.6,0.2,0.6,0.6,6.6,kerrst01,1991-92
220,183,Jerome Kersey,SF,29,POR,77,76,33.2,5.2,11.1,0.467,0.0,0.1,0.125,5.2,11.0,0.47,0.468,2.3,3.4,0.664,3.1,5.1,8.2,3.2,1.5,0.9,2.0,3.3,12.6,kerseje01,1991-92
221,184,Alec Kessler,PF,25,MIA,77,4,15.5,2.1,5.0,0.413,0.0,0.0,,2.1,5.0,0.413,0.413,1.2,1.5,0.817,1.5,2.6,4.1,0.4,0.2,0.4,0.8,2.4,5.3,kesslal01,1991-92
222,185,Bo Kimble,SG,25,LAC,34,0,8.1,1.3,3.3,0.396,0.1,0.4,0.308,1.2,2.9,0.408,0.414,0.6,0.9,0.645,0.4,0.6,0.9,0.5,0.3,0.2,0.4,1.1,3.3,kimblbo01,1991-92
223,186,Albert King,SF,32,WSB,6,0,9.8,1.8,5.0,0.367,0.3,1.2,0.286,1.5,3.8,0.391,0.4,1.2,1.3,0.875,0.2,1.7,1.8,0.8,0.5,0.0,0.3,1.2,5.2,kingal01,1991-92
224,187,Rich King,C,22,SEA,40,2,5.3,0.7,1.8,0.38,0.0,0.0,0.0,0.7,1.8,0.386,0.38,0.9,1.1,0.756,0.5,0.7,1.2,0.3,0.1,0.1,0.5,1.1,2.2,kingri01,1991-92
225,188,Stacey King,PF,25,CHI,79,12,16.1,2.7,5.4,0.506,0.0,0.1,0.4,2.7,5.3,0.507,0.508,1.5,2.0,0.753,1.1,1.5,2.6,1.0,0.3,0.3,1.0,1.6,7.0,kingst01,1991-92
226,189,Greg Kite,C,30,ORL,72,44,20.5,1.3,3.0,0.437,0.0,0.0,0.0,1.3,3.0,0.439,0.437,0.6,0.9,0.588,2.2,3.4,5.6,0.6,0.4,0.8,0.8,2.9,3.2,kitegr01,1991-92
227,190,Joe Kleine,C,30,BOS,70,3,14.2,2.1,4.2,0.491,0.1,0.1,0.5,2.0,4.1,0.491,0.498,0.5,0.7,0.708,1.3,2.9,4.2,0.5,0.3,0.2,0.4,1.4,4.7,kleinjo01,1991-92
228,191,Negele Knight,PG,24,PHO,42,1,15.0,2.5,5.2,0.475,0.1,0.3,0.308,2.4,4.9,0.485,0.484,0.8,1.1,0.688,0.4,0.7,1.1,2.7,0.6,0.1,1.4,1.4,5.8,knighne01,1991-92
229,192,Bart Kofoed,SG,27,SEA,44,0,5.4,0.6,1.2,0.472,0.0,0.2,0.143,0.5,1.0,0.522,0.481,0.3,0.6,0.577,0.1,0.5,0.6,1.2,0.0,0.0,0.5,0.6,1.5,kofoeba01,1991-92
230,193,Jon Koncak,C,28,ATL,77,14,19.3,1.4,3.7,0.391,0.0,0.2,0.0,1.4,3.5,0.408,0.391,0.2,0.4,0.655,0.8,2.6,3.4,1.7,0.6,0.9,0.7,2.7,3.1,koncajo01,1991-92
231,194,Larry Krystkowiak,PF,27,MIL,79,16,23.4,3.7,8.4,0.444,0.0,0.1,0.0,3.7,8.3,0.447,0.444,1.6,2.1,0.757,1.7,3.8,5.4,1.4,0.7,0.2,1.5,2.8,9.0,krystla01,1991-92
232,195,Bill Laimbeer,C,34,DET,81,46,27.6,4.2,9.0,0.47,0.4,1.0,0.376,3.8,7.9,0.483,0.492,0.8,0.9,0.893,1.3,4.3,5.6,2.0,0.6,0.7,1.3,2.8,9.7,laimbbi01,1991-92
233,196,Jerome Lane,PF,25,TOT,14,5,12.6,1.0,3.3,0.304,0.0,0.0,,1.0,3.3,0.304,0.304,0.6,1.9,0.333,2.3,2.4,4.7,1.2,0.1,0.1,1.0,2.0,2.6,laneje01,1991-92
234,196,Jerome Lane,PF,25,DEN,9,5,15.7,1.1,4.4,0.25,0.0,0.0,,1.1,4.4,0.25,0.25,0.9,2.1,0.421,2.4,2.4,4.9,1.4,0.2,0.1,1.1,2.0,3.1,laneje01,1991-92
235,196,Jerome Lane,PF,25,IND,3,0,10.0,1.0,1.7,0.6,0.0,0.0,,1.0,1.7,0.6,0.6,0.0,2.0,0.0,3.0,3.0,6.0,1.3,0.0,0.0,1.0,3.0,2.0,laneje01,1991-92
236,196,Jerome Lane,PF,25,MIL,2,0,3.0,0.5,0.5,1.0,0.0,0.0,,0.5,0.5,1.0,1.0,0.5,1.0,0.5,0.5,1.5,2.0,0.0,0.0,0.0,0.5,0.5,1.5,laneje01,1991-92
237,197,Andrew Lang,C,25,PHO,81,71,24.3,3.1,5.9,0.522,0.0,0.0,0.0,3.1,5.9,0.523,0.522,1.6,2.0,0.768,2.1,4.6,6.7,0.5,0.6,2.5,1.1,3.8,7.7,langan01,1991-92
238,198,Eric Leckner,C,25,CHH,59,2,12.1,1.3,2.6,0.513,0.0,0.0,0.0,1.3,2.6,0.516,0.513,0.6,0.9,0.745,0.8,2.7,3.5,0.5,0.2,0.3,0.7,1.9,3.3,leckner01,1991-92
239,199,Doug Lee,SG,27,NJN,46,0,6.7,1.1,2.5,0.431,0.2,0.8,0.27,0.9,1.7,0.506,0.474,0.2,0.4,0.526,0.4,0.4,0.8,0.5,0.2,0.0,0.3,0.8,2.6,leedo01,1991-92
240,200,Gary Leonard,C,24,ATL,5,0,2.6,0.8,1.2,0.667,0.0,0.0,,0.8,1.2,0.667,0.667,0.4,0.4,1.0,0.6,0.4,1.0,0.2,0.2,0.0,0.2,0.6,2.0,leonaga01,1991-92
241,201,Jim Les,PG,28,SAC,62,5,11.5,1.2,3.1,0.385,0.7,2.1,0.344,0.5,1.0,0.475,0.503,0.6,0.8,0.809,0.2,0.8,1.0,2.3,0.5,0.0,0.7,0.9,3.7,lesji01,1991-92
242,202,Fat Lever,SG,31,DAL,31,5,28.5,4.4,11.3,0.387,0.5,1.7,0.327,3.8,9.6,0.397,0.411,1.9,2.6,0.75,1.8,3.4,5.2,3.5,1.5,0.4,1.2,2.4,11.2,leverfa01,1991-92
243,203,Cliff Levingston,PF,31,CHI,79,0,12.9,1.6,3.2,0.498,0.0,0.1,0.167,1.6,3.1,0.506,0.5,0.8,1.2,0.625,1.4,1.5,2.9,0.8,0.3,0.6,0.5,1.7,3.9,levincl01,1991-92
244,204,Reggie Lewis,SG,26,BOS,82,82,37.4,8.6,17.0,0.503,0.1,0.3,0.238,8.5,16.8,0.507,0.505,3.6,4.2,0.851,1.4,3.4,4.8,2.3,1.5,1.3,1.7,3.1,20.8,lewisre01,1991-92
245,205,Marcus Liberty,SF,23,DEN,75,13,20.4,3.7,8.3,0.443,0.2,0.7,0.34,3.4,7.6,0.452,0.457,1.7,2.4,0.728,1.9,2.2,4.1,0.8,0.9,0.4,1.2,2.2,9.3,liberma01,1991-92
246,206,Todd Lichti,SG,25,DEN,68,10,17.3,2.5,5.5,0.46,0.0,0.1,0.111,2.5,5.4,0.469,0.461,1.5,1.7,0.839,0.5,1.2,1.7,1.1,0.6,0.2,1.1,1.9,6.6,lichtto01,1991-92
247,207,Alton Lister,C,33,GSW,26,12,11.3,1.7,3.0,0.557,0.0,0.0,,1.7,3.0,0.557,0.557,0.5,1.3,0.424,0.8,2.7,3.5,0.5,0.2,0.6,0.8,2.3,3.9,listeal01,1991-92
248,208,Brad Lohaus,PF,27,MIL,70,8,15.4,2.3,5.1,0.45,0.8,2.1,0.396,1.5,3.1,0.486,0.529,0.4,0.6,0.659,0.9,2.6,3.6,1.1,0.6,1.0,0.7,2.1,5.8,lohaubr01,1991-92
249,209,Grant Long,PF,25,MIA,82,82,37.4,5.4,10.9,0.494,0.1,0.3,0.273,5.3,10.6,0.5,0.498,4.0,4.9,0.807,3.2,5.3,8.4,2.7,1.7,0.5,2.3,3.0,14.8,longgr01,1991-92
250,210,Luc Longley,C,23,MIN,66,3,15.0,1.7,3.8,0.458,0.0,0.0,,1.7,3.8,0.458,0.458,0.8,1.2,0.663,1.0,2.9,3.9,0.8,0.5,1.0,1.3,2.4,4.3,longllu01,1991-92
251,211,Kevin Lynch,SG,23,CHH,55,3,14.9,1.7,4.1,0.417,0.1,0.1,0.375,1.6,3.9,0.419,0.424,0.6,0.8,0.761,0.5,1.0,1.5,1.5,0.7,0.2,0.8,1.9,4.1,lynchke01,1991-92
252,212,Mark Macon,SG,22,DEN,76,67,30.3,4.4,11.7,0.375,0.1,0.4,0.133,4.3,11.3,0.383,0.377,1.8,2.4,0.73,1.1,1.8,2.9,2.2,2.0,0.2,2.0,3.2,10.6,maconma01,1991-92
253,213,Dan Majerle,SF,26,PHO,82,15,34.8,6.7,14.1,0.478,1.1,2.8,0.382,5.7,11.3,0.502,0.516,2.8,3.7,0.756,1.8,4.1,5.9,3.3,1.6,0.5,1.2,1.9,17.3,majerda01,1991-92
254,214,Jeff Malone,SG,30,UTA,81,81,36.1,8.5,16.7,0.511,0.0,0.1,0.083,8.5,16.6,0.515,0.511,3.2,3.5,0.898,0.6,2.3,2.9,2.2,0.7,0.1,1.7,1.6,20.2,malonje01,1991-92
255,215,Karl Malone*,PF,28,UTA,81,81,37.7,9.9,18.7,0.526,0.0,0.2,0.176,9.8,18.5,0.53,0.527,8.3,10.7,0.778,2.8,8.4,11.2,3.0,1.3,0.6,3.1,2.8,28.0,malonka01,1991-92
256,216,Moses Malone*,C,36,MIL,82,77,30.6,5.4,11.3,0.474,0.0,0.1,0.375,5.3,11.2,0.474,0.475,4.8,6.1,0.786,3.9,5.2,9.1,1.1,0.9,0.8,1.8,1.7,15.6,malonmo01,1991-92
257,217,Danny Manning,PF,25,LAC,82,82,35.4,7.9,14.6,0.542,0.0,0.1,0.0,7.9,14.6,0.544,0.542,3.4,4.7,0.725,2.8,4.1,6.9,3.5,1.6,1.5,2.6,3.6,19.3,mannida01,1991-92
258,218,Šarūnas Marčiulionis*,SG,27,GSW,72,5,29.4,6.8,12.7,0.538,0.0,0.1,0.3,6.8,12.5,0.541,0.54,5.2,6.6,0.788,0.9,1.9,2.9,3.4,1.6,0.1,2.7,3.3,18.9,marcisa01,1991-92
259,219,Anthony Mason,PF,25,NYK,82,0,26.8,2.5,4.9,0.509,0.0,0.0,,2.5,4.9,0.509,0.509,2.0,3.2,0.642,2.6,4.4,7.0,1.3,0.6,0.2,1.2,2.8,7.0,masonan01,1991-92
260,220,Tony Massenburg,PF,24,TOT,18,0,5.0,0.6,1.4,0.4,0.0,0.0,,0.6,1.4,0.4,0.4,0.5,0.8,0.6,0.4,1.0,1.4,0.0,0.1,0.1,0.5,1.2,1.6,masseto01,1991-92
261,220,Tony Massenburg,PF,24,SAS,1,0,9.0,1.0,5.0,0.2,0.0,0.0,,1.0,5.0,0.2,0.2,0.0,0.0,,0.0,0.0,0.0,0.0,0.0,0.0,0.0,2.0,2.0,masseto01,1991-92
262,220,Tony Massenburg,PF,24,CHH,3,0,4.3,0.0,1.0,0.0,0.0,0.0,,0.0,1.0,0.0,0.0,0.3,0.7,0.5,0.3,1.0,1.3,0.0,0.3,0.0,1.3,0.7,0.3,masseto01,1991-92
263,220,Tony Massenburg,PF,24,BOS,7,0,6.6,0.6,1.3,0.444,0.0,0.0,,0.6,1.3,0.444,0.444,0.3,0.6,0.5,0.3,1.0,1.3,0.0,0.0,0.1,0.3,1.0,1.4,masseto01,1991-92
264,220,Tony Massenburg,PF,24,GSW,7,0,3.1,0.7,1.1,0.625,0.0,0.0,,0.7,1.1,0.625,0.625,0.9,1.3,0.667,0.6,1.1,1.7,0.0,0.0,0.0,0.4,1.4,2.3,masseto01,1991-92
265,221,Vernon Maxwell,SG,26,HOU,80,80,33.8,6.3,15.2,0.413,2.0,5.9,0.342,4.3,9.3,0.458,0.479,2.6,3.3,0.772,0.5,2.6,3.0,4.1,1.3,0.4,2.2,2.5,17.2,maxweve01,1991-92
266,222,Tharon Mayes,SG,23,TOT,24,0,10.6,1.3,4.1,0.303,0.6,1.7,0.366,0.6,2.4,0.259,0.379,1.0,1.5,0.667,0.1,0.5,0.7,1.5,0.7,0.1,1.3,1.7,4.1,mayesth01,1991-92
267,222,Tharon Mayes,SG,23,PHI,21,0,10.2,1.3,4.5,0.298,0.7,1.9,0.359,0.7,2.6,0.255,0.372,1.0,1.4,0.667,0.1,0.6,0.7,1.5,0.7,0.0,1.3,1.5,4.3,mayesth01,1991-92
268,222,Tharon Mayes,SG,23,LAC,3,0,13.3,0.7,1.7,0.4,0.3,0.7,0.5,0.3,1.0,0.333,0.5,1.3,2.0,0.667,0.0,0.3,0.3,1.0,0.7,0.3,1.0,3.0,3.0,mayesth01,1991-92
269,223,Travis Mays,PG,23,ATL,2,0,16.0,3.0,7.0,0.429,1.5,3.0,0.5,1.5,4.0,0.375,0.536,1.0,1.0,1.0,0.5,0.5,1.0,0.5,0.0,0.0,1.5,2.0,8.5,maystr01,1991-92
270,224,Bob McCann,SF,27,DET,26,0,5.0,0.5,1.3,0.394,0.0,0.0,0.0,0.5,1.2,0.406,0.394,0.2,0.5,0.308,0.5,0.7,1.2,0.2,0.2,0.2,0.3,0.9,1.2,mccanbo01,1991-92
271,225,George McCloud,SF,24,IND,51,5,17.5,2.5,6.1,0.409,0.6,1.8,0.34,1.9,4.3,0.438,0.46,1.0,1.3,0.781,0.9,1.7,2.6,2.3,0.5,0.2,1.2,1.9,6.6,mccloge01,1991-92
272,226,Tim McCormick,C,29,NYK,22,0,4.9,0.6,1.5,0.424,0.0,0.0,,0.6,1.5,0.424,0.424,0.6,1.0,0.667,0.6,0.9,1.5,0.4,0.1,0.0,0.4,0.8,1.9,mccorti01,1991-92
273,227,Rodney McCray,SF,30,DAL,75,48,28.1,3.6,8.3,0.436,0.3,1.1,0.294,3.3,7.2,0.458,0.456,1.5,2.0,0.719,2.0,4.3,6.2,2.9,0.6,0.4,1.5,2.4,9.0,mccraro01,1991-92
274,228,Xavier McDaniel,SF,28,NYK,82,82,28.6,6.0,12.5,0.478,0.1,0.5,0.308,5.8,12.0,0.485,0.484,1.7,2.3,0.714,2.1,3.5,5.6,1.8,0.7,0.3,1.8,2.9,13.7,mcdanxa01,1991-92
275,229,Kevin McHale*,PF,34,BOS,56,1,25.0,5.8,11.3,0.509,0.0,0.2,0.0,5.8,11.1,0.52,0.509,2.4,2.9,0.822,2.1,3.8,5.9,1.5,0.2,1.1,1.5,2.0,13.9,mchalke01,1991-92
276,230,Derrick McKey,SF,25,SEA,52,44,33.8,5.5,11.6,0.472,0.4,1.0,0.38,5.1,10.7,0.48,0.488,3.6,4.3,0.847,1.8,3.3,5.2,2.3,1.2,0.9,2.2,2.7,14.9,mckeyde01,1991-92
277,231,Carlton McKinney,SG,27,NYK,2,0,4.5,1.0,4.5,0.222,0.0,0.0,,1.0,4.5,0.222,0.222,0.0,0.0,,0.0,0.5,0.5,0.0,0.0,0.0,0.0,0.5,2.0,mckinca01,1991-92
278,232,Nate McMillan,PG,27,SEA,72,30,22.9,2.5,5.6,0.437,0.4,1.4,0.276,2.1,4.3,0.489,0.47,0.8,1.2,0.643,1.3,2.2,3.5,5.0,1.8,0.4,1.6,3.0,6.0,mcmilna01,1991-92
279,233,Reggie Miller*,SG,26,IND,82,82,38.0,6.9,13.7,0.501,1.6,4.2,0.378,5.3,9.5,0.555,0.559,5.4,6.3,0.858,1.0,2.9,3.9,3.8,1.3,0.3,1.9,2.6,20.7,millere01,1991-92
280,234,Terry Mills,PF,24,NJN,82,24,20.9,3.8,8.2,0.463,0.1,0.3,0.348,3.7,7.9,0.467,0.469,1.4,1.9,0.75,2.3,3.2,5.5,1.0,0.6,0.5,1.0,2.4,9.0,millste01,1991-92
281,235,Sam Mitchell,PF,28,MIN,82,63,26.2,3.7,8.8,0.423,0.0,0.1,0.182,3.7,8.7,0.427,0.425,2.5,3.2,0.786,1.9,3.8,5.8,1.1,0.6,0.5,1.2,2.8,10.1,mitchsa01,1991-92
282,236,Rodney Monroe,SG,23,ATL,38,0,8.2,1.4,3.8,0.368,0.2,0.7,0.222,1.2,3.1,0.402,0.389,0.5,0.6,0.826,0.3,0.6,0.9,0.7,0.3,0.1,0.6,0.5,3.4,monroro01,1991-92
283,237,Tracy Moore,SF,26,DAL,42,2,18.6,3.1,7.7,0.4,0.7,2.0,0.357,2.4,5.7,0.415,0.446,1.5,1.9,0.833,0.7,1.2,2.0,1.1,0.8,0.1,1.0,2.3,8.5,mooretr01,1991-92
284,238,Chris Morris,SF,26,NJN,77,74,31.1,4.5,9.4,0.477,0.3,1.4,0.2,4.2,8.0,0.526,0.492,2.1,3.0,0.714,2.6,3.8,6.4,2.6,1.7,1.1,2.2,2.7,11.4,morrich01,1991-92
285,239,John Morton,SF-SG,24,TOT,25,0,10.8,1.4,3.7,0.387,0.1,0.6,0.125,1.4,3.1,0.442,0.398,1.3,1.5,0.842,0.2,0.8,1.0,1.3,0.5,0.0,1.1,0.9,4.2,mortojo01,1991-92
286,239,John Morton,SG,24,CLE,4,0,13.5,0.8,3.0,0.25,0.0,0.3,0.0,0.8,2.8,0.273,0.25,2.0,2.3,0.889,0.8,1.0,1.8,1.3,0.3,0.0,1.0,0.8,3.5,mortojo01,1991-92
287,239,John Morton,SF,24,MIA,21,0,10.3,1.6,3.9,0.407,0.1,0.7,0.133,1.5,3.1,0.47,0.42,1.1,1.4,0.828,0.1,0.8,0.9,1.3,0.6,0.0,1.1,1.0,4.4,mortojo01,1991-92
288,240,Chris Mullin*,SF,28,GSW,81,81,41.3,10.2,19.6,0.524,0.8,2.2,0.366,9.5,17.4,0.544,0.544,4.3,5.2,0.833,1.6,4.0,5.6,3.5,2.1,0.8,2.5,2.1,25.6,mullich01,1991-92
289,241,Eric Murdock,PG,23,UTA,50,0,9.6,1.5,3.7,0.415,0.1,0.5,0.192,1.4,3.1,0.452,0.429,0.9,1.2,0.754,0.4,0.7,1.1,1.8,0.6,0.1,1.0,1.0,4.1,murdoer01,1991-92
290,242,Tod Murphy,PF,28,MIN,47,3,9.1,0.8,1.7,0.488,0.0,0.0,0.5,0.8,1.7,0.487,0.494,0.4,0.7,0.559,0.8,1.6,2.3,0.2,0.2,0.2,0.4,0.9,2.1,murphto01,1991-92
291,243,Jerrod Mustaf,PF,22,PHO,52,3,10.5,1.8,3.7,0.477,0.0,0.0,,1.8,3.7,0.477,0.477,0.9,1.4,0.69,0.9,1.9,2.8,0.9,0.4,0.3,1.0,1.1,4.5,mustaje01,1991-92
292,244,Dikembe Mutombo*,C,25,DEN,71,71,38.3,6.0,12.2,0.493,0.0,0.0,,6.0,12.2,0.493,0.493,4.5,7.0,0.642,4.5,7.8,12.3,2.2,0.6,3.0,3.5,3.8,16.6,mutomdi01,1991-92
293,245,Larry Nance,PF,32,CLE,81,81,35.6,6.9,12.7,0.539,0.0,0.1,0.0,6.9,12.7,0.542,0.539,3.2,4.0,0.822,2.6,5.6,8.3,2.9,1.0,3.0,1.1,2.5,17.0,nancela01,1991-92
294,246,Ed Nealy,PF,31,PHO,52,4,9.7,1.2,2.3,0.512,0.4,1.0,0.4,0.8,1.4,0.592,0.595,0.3,0.5,0.667,0.5,1.7,2.1,0.7,0.3,0.0,0.3,0.9,3.1,nealyed01,1991-92
295,247,Chuck Nevitt,C,32,CHI,4,0,2.3,0.3,0.8,0.333,0.0,0.0,,0.3,0.8,0.333,0.333,0.0,0.0,,0.0,0.3,0.3,0.3,0.0,0.0,0.8,0.5,0.5,nevitch01,1991-92
296,248,Johnny Newman,SF,28,CHH,55,55,30.0,5.4,11.2,0.477,0.2,0.8,0.283,5.1,10.4,0.493,0.488,4.3,5.6,0.766,1.3,2.0,3.3,2.7,1.3,0.3,2.3,3.3,15.3,newmajo01,1991-92
297,249,Ken Norman,SF,27,LAC,77,24,26.1,5.2,10.7,0.49,0.1,0.4,0.143,5.2,10.3,0.502,0.492,1.6,2.9,0.535,2.1,3.8,5.8,1.6,0.7,0.9,1.3,1.9,12.1,normake01,1991-92
298,250,Charles Oakley,PF,28,NYK,82,82,28.2,2.6,4.9,0.522,0.0,0.0,0.0,2.6,4.9,0.526,0.522,1.0,1.4,0.735,3.1,5.4,8.5,1.6,0.8,0.2,1.5,3.1,6.2,oaklech01,1991-92
299,251,Alan Ogg,C,24,MIA,43,0,8.5,1.1,2.0,0.548,0.0,0.0,,1.1,2.0,0.548,0.548,0.4,0.7,0.533,0.7,1.0,1.7,0.2,0.1,0.7,0.4,1.7,2.5,oggal01,1991-92
300,252,Hakeem Olajuwon*,C,29,HOU,70,69,37.7,8.4,16.8,0.502,0.0,0.0,0.0,8.4,16.8,0.503,0.502,4.7,6.1,0.766,3.5,8.6,12.1,2.2,1.8,4.3,2.7,3.8,21.6,olajuha01,1991-92
301,253,Brian Oliver,SG,23,PHI,34,0,8.2,1.0,2.9,0.33,0.0,0.1,0.0,1.0,2.8,0.344,0.33,0.4,0.6,0.682,0.3,0.6,0.9,0.6,0.3,0.1,0.7,1.0,2.4,olivebr01,1991-92
302,254,Jimmy Oliver,SG,22,CLE,27,8,9.3,1.4,3.6,0.398,0.0,0.3,0.111,1.4,3.3,0.427,0.403,0.6,0.8,0.773,0.3,0.7,1.0,0.7,0.3,0.1,0.3,0.8,3.6,oliveji01,1991-92
303,255,Billy Owens,PF,22,GSW,80,77,31.4,5.9,11.1,0.525,0.0,0.1,0.111,5.8,11.0,0.529,0.526,2.6,3.9,0.654,3.0,5.0,8.0,2.4,1.1,0.8,2.2,3.5,14.3,owensbi01,1991-92
304,256,Keith Owens,SF,22,LAL,20,0,4.0,0.5,1.6,0.281,0.0,0.0,,0.5,1.6,0.281,0.281,0.4,0.5,0.8,0.4,0.4,0.8,0.2,0.3,0.2,0.1,0.6,1.3,owenske01,1991-92
305,257,Robert Pack,PG,22,POR,72,0,12.4,1.6,3.8,0.423,0.0,0.1,0.0,1.6,3.6,0.439,0.423,1.4,1.8,0.803,0.4,0.9,1.3,1.9,0.6,0.1,1.3,1.4,4.6,packro01,1991-92
306,258,Robert Parish*,C,38,BOS,79,79,28.9,5.9,11.1,0.535,0.0,0.0,,5.9,11.1,0.535,0.535,2.3,2.9,0.772,2.8,6.2,8.9,0.9,0.9,1.2,1.7,2.2,14.1,parisro01,1991-92
307,259,John Paxson,PG,31,CHI,79,79,24.6,3.3,6.2,0.528,0.2,0.6,0.273,3.1,5.6,0.553,0.54,0.4,0.5,0.784,0.3,0.9,1.2,3.1,0.6,0.1,0.6,1.8,7.0,paxsojo01,1991-92
308,260,Kenny Payne,SF,25,PHI,49,3,7.2,1.3,3.0,0.448,0.1,0.2,0.417,1.2,2.7,0.451,0.466,0.2,0.3,0.692,0.3,0.8,1.1,0.3,0.3,0.2,0.4,0.7,2.9,payneke01,1991-92
309,261,Gary Payton*,PG,23,SEA,81,79,31.5,4.1,9.1,0.451,0.0,0.3,0.13,4.0,8.8,0.461,0.453,1.2,1.8,0.669,1.5,2.1,3.6,6.2,1.8,0.3,2.1,3.1,9.4,paytoga01,1991-92
310,262,Will Perdue,C,26,CHI,77,7,13.1,2.0,3.6,0.547,0.0,0.0,0.5,2.0,3.6,0.547,0.549,0.6,1.2,0.495,1.4,2.6,4.1,1.0,0.2,0.6,0.9,1.7,4.5,perduwi01,1991-92
311,263,Sam Perkins,PF,30,LAL,63,63,37.0,5.7,12.7,0.45,0.2,1.1,0.217,5.5,11.7,0.471,0.459,4.8,5.9,0.817,3.0,5.8,8.8,2.2,1.0,1.0,1.3,3.0,16.5,perkisa01,1991-92
312,264,Elliot Perry,PG,22,TOT,50,0,8.7,1.0,2.6,0.38,0.0,0.1,0.143,1.0,2.4,0.393,0.384,0.5,0.8,0.659,0.3,0.5,0.8,1.6,0.7,0.1,1.0,0.7,2.5,perryel01,1991-92
313,264,Elliot Perry,PG,22,LAC,10,0,6.6,0.6,1.5,0.4,0.0,0.2,0.0,0.6,1.3,0.462,0.4,0.1,0.2,0.5,0.2,0.5,0.7,1.4,0.9,0.1,1.3,1.0,1.3,perryel01,1991-92
314,264,Elliot Perry,PG,22,CHH,40,0,9.3,1.1,2.9,0.377,0.0,0.1,0.2,1.1,2.7,0.385,0.382,0.7,1.0,0.667,0.3,0.5,0.8,1.6,0.6,0.1,0.9,0.7,2.8,perryel01,1991-92
315,265,Tim Perry,PF,26,PHO,80,69,31.0,5.2,9.9,0.523,0.0,0.1,0.375,5.1,9.8,0.525,0.525,1.9,2.7,0.712,2.6,4.3,6.9,1.7,0.6,1.5,1.8,3.0,12.3,perryti01,1991-92
316,266,Chuck Person,SF,27,IND,81,81,36.1,7.6,15.9,0.48,1.6,4.4,0.373,6.0,11.5,0.52,0.531,1.6,2.4,0.675,1.4,3.9,5.3,4.7,0.8,0.2,2.7,3.0,18.5,persoch01,1991-92
317,267,Jim Petersen,PF,29,GSW,27,2,6.3,0.7,1.5,0.45,0.0,0.1,0.0,0.7,1.4,0.474,0.45,0.3,0.4,0.7,0.4,1.2,1.7,0.3,0.2,0.2,0.2,1.3,1.6,peterji01,1991-92
318,268,Dražen Petrović*,SG,27,NJN,82,82,36.9,8.1,16.0,0.508,1.5,3.4,0.444,6.6,12.7,0.525,0.555,2.8,3.5,0.808,1.2,2.0,3.1,3.1,1.3,0.1,2.6,3.0,20.6,petrodr01,1991-92
319,269,Bobby Phills,SG,22,CLE,10,0,6.5,1.2,2.8,0.429,0.0,0.2,0.0,1.2,2.6,0.462,0.429,0.7,1.1,0.636,0.4,0.4,0.8,0.4,0.3,0.1,0.8,0.3,3.1,phillbo01,1991-92
320,270,Ricky Pierce,SG,32,SEA,78,78,34.1,7.9,16.7,0.475,0.4,1.6,0.268,7.5,15.2,0.496,0.487,5.3,5.8,0.916,1.2,1.8,3.0,3.1,1.1,0.3,2.4,2.7,21.7,piercri01,1991-92
321,271,Ed Pinckney,PF,28,BOS,81,36,23.7,2.5,4.7,0.537,0.0,0.0,0.0,2.5,4.7,0.538,0.537,2.6,3.1,0.812,3.1,3.9,7.0,0.8,0.9,0.7,0.9,2.0,7.6,pincked01,1991-92
322,272,Scottie Pippen*,SF,26,CHI,82,82,38.6,8.4,16.6,0.506,0.2,1.0,0.2,8.2,15.6,0.525,0.511,4.0,5.3,0.76,2.3,5.4,7.7,7.0,1.9,1.1,3.1,3.0,21.0,pippesc01,1991-92
323,273,Olden Polynice,C,27,LAC,76,65,24.1,3.2,6.2,0.519,0.0,0.0,0.0,3.2,6.2,0.52,0.519,1.6,2.6,0.622,2.6,4.5,7.1,0.6,0.6,0.3,1.1,2.2,8.1,polynol01,1991-92
324,274,Dave Popson,PF,27,MIL,5,0,5.2,0.6,1.4,0.429,0.0,0.2,0.0,0.6,1.2,0.5,0.429,0.2,0.4,0.5,0.4,0.6,1.0,0.6,0.4,0.2,0.8,1.0,1.4,popsoda01,1991-92
325,275,Terry Porter,PG,28,POR,82,82,34.0,6.4,13.8,0.461,1.6,4.0,0.395,4.8,9.8,0.488,0.518,3.8,4.5,0.856,0.6,2.5,3.1,5.8,1.5,0.1,2.3,1.9,18.1,portete01,1991-92
326,276,Paul Pressey,SG,33,SAS,56,7,13.6,1.1,2.9,0.373,0.1,0.4,0.143,1.0,2.5,0.407,0.382,0.5,0.7,0.683,0.4,1.3,1.7,2.5,0.5,0.3,1.1,1.5,2.7,presspa01,1991-92
327,277,Mark Price,PG,27,CLE,72,72,29.7,6.1,12.5,0.488,1.4,3.6,0.387,4.7,8.8,0.53,0.545,3.8,4.0,0.947,0.5,1.9,2.4,7.4,1.3,0.2,2.2,1.6,17.3,pricema01,1991-92
328,278,Kevin Pritchard,PG,24,BOS,11,0,12.4,1.5,3.1,0.471,0.0,0.3,0.0,1.5,2.8,0.516,0.471,1.3,1.6,0.778,0.1,0.9,1.0,2.7,0.3,0.4,1.0,1.5,4.2,pritcke01,1991-92
329,279,Brian Quinnett,SG,25,TOT,39,0,8.4,1.1,3.2,0.347,0.3,1.1,0.317,0.8,2.1,0.361,0.399,0.4,0.7,0.615,0.4,0.9,1.3,0.3,0.4,0.2,0.4,0.8,2.9,quinnbr01,1991-92
330,279,Brian Quinnett,SG,25,NYK,24,0,7.9,1.2,3.0,0.384,0.4,1.1,0.385,0.8,2.0,0.383,0.452,0.3,0.6,0.571,0.4,0.6,1.0,0.3,0.3,0.3,0.3,0.9,3.1,quinnbr01,1991-92
331,279,Brian Quinnett,SG,25,DAL,15,0,9.1,1.0,3.4,0.294,0.2,1.0,0.2,0.8,2.4,0.333,0.324,0.5,0.8,0.667,0.5,1.3,1.8,0.3,0.6,0.1,0.5,0.7,2.7,quinnbr01,1991-92
332,280,Kurt Rambis,PF,33,PHO,28,5,13.6,1.4,2.9,0.463,0.0,0.0,,1.4,2.9,0.463,0.463,0.5,0.6,0.778,0.8,3.0,3.8,1.3,0.4,0.5,0.9,1.6,3.2,rambiku01,1991-92
333,281,Mark Randall,PF,24,TOT,54,0,8.2,1.3,2.8,0.456,0.1,0.3,0.188,1.2,2.5,0.489,0.466,0.6,0.8,0.744,0.7,0.6,1.3,0.6,0.2,0.1,0.5,0.7,3.2,randama01,1991-92
334,281,Mark Randall,PF,24,CHI,15,0,4.5,0.7,1.5,0.455,0.0,0.1,0.0,0.7,1.3,0.5,0.455,0.4,0.5,0.75,0.3,0.3,0.6,0.5,0.0,0.0,0.4,0.5,1.7,randama01,1991-92
335,281,Mark Randall,PF,24,MIN,39,0,9.6,1.5,3.3,0.457,0.1,0.4,0.214,1.4,2.9,0.487,0.469,0.7,0.9,0.743,0.9,0.7,1.6,0.7,0.3,0.1,0.5,0.8,3.7,randama01,1991-92
336,282,Blair Rasmussen,C,29,ATL,81,61,24.3,4.3,9.0,0.478,0.1,0.3,0.217,4.2,8.7,0.486,0.481,0.4,0.5,0.75,1.2,3.7,4.9,1.3,0.4,0.6,0.6,2.9,9.0,rasmubl01,1991-92
337,283,J.R. Reid,C,23,CHH,51,7,24.6,4.2,8.5,0.49,0.0,0.1,0.0,4.2,8.5,0.493,0.49,2.6,3.7,0.705,1.9,4.3,6.2,1.6,1.0,0.5,1.6,3.1,11.0,reidjr01,1991-92
338,284,Jerry Reynolds,SG,29,ORL,46,16,25.2,4.3,11.3,0.38,0.1,0.5,0.125,4.2,10.7,0.393,0.383,3.4,4.1,0.836,1.0,2.2,3.2,3.3,1.4,0.4,2.1,1.5,12.1,reynoje01,1991-92
339,285,Glen Rice,SF,24,MIA,79,79,38.1,8.5,18.1,0.469,2.0,5.0,0.391,6.5,13.1,0.499,0.523,3.4,4.0,0.836,1.1,3.9,5.0,2.3,1.1,0.4,1.8,2.2,22.3,ricegl01,1991-92
340,286,Pooh Richardson,PG,25,MIN,82,82,35.6,7.2,15.4,0.466,0.6,1.9,0.342,6.5,13.5,0.483,0.487,1.5,2.2,0.691,1.1,2.6,3.7,8.4,1.5,0.3,2.5,1.9,16.5,richapo01,1991-92
341,287,Mitch Richmond*,SG,26,SAC,80,80,38.7,8.6,18.3,0.468,1.3,3.4,0.384,7.3,15.0,0.486,0.503,4.1,5.1,0.813,0.8,3.2,4.0,5.1,1.2,0.4,3.1,2.9,22.5,richmmi01,1991-92
342,288,David Rivers,PG,27,LAC,15,0,8.1,0.7,2.0,0.333,0.0,0.1,0.0,0.7,1.9,0.345,0.333,0.7,0.7,0.909,0.7,0.6,1.3,1.4,0.5,0.1,1.1,0.9,2.0,riverda01,1991-92
343,289,Doc Rivers,PG,30,LAC,59,25,28.1,3.8,9.0,0.424,0.4,1.6,0.283,3.4,7.5,0.454,0.448,2.8,3.3,0.832,0.4,2.1,2.5,3.9,1.9,0.3,1.6,2.8,10.9,riverdo01,1991-92
344,290,Fred Roberts,SF,31,MIL,80,63,21.8,3.9,8.1,0.482,0.2,0.5,0.514,3.7,7.6,0.48,0.497,1.6,2.1,0.749,1.3,1.9,3.2,1.5,0.7,0.5,1.5,2.2,9.6,roberfr01,1991-92
345,291,Stanley Roberts,C,21,ORL,55,34,20.3,4.3,8.1,0.529,0.0,0.0,0.0,4.3,8.1,0.53,0.529,1.8,3.6,0.515,2.1,4.1,6.1,0.7,0.4,1.5,1.4,4.0,10.4,roberst01,1991-92
346,292,Alvin Robertson,SG,29,MIL,82,79,30.0,4.8,11.2,0.43,0.8,2.6,0.319,4.0,8.7,0.462,0.466,1.8,2.4,0.763,2.1,2.1,4.3,4.4,2.6,0.4,2.7,3.2,12.3,roberal01,1991-92
347,293,Cliff Robinson,PF,31,LAL,9,0,8.7,1.2,3.0,0.407,0.0,0.1,0.0,1.2,2.9,0.423,0.407,0.8,0.9,0.875,0.8,1.3,2.1,1.0,0.6,0.0,0.8,0.4,3.2,robincl01,1991-92
348,294,Clifford Robinson,SF,25,POR,82,7,25.9,4.9,10.4,0.466,0.0,0.1,0.091,4.8,10.3,0.471,0.467,2.7,4.0,0.664,1.7,3.4,5.1,1.7,1.0,1.3,1.9,3.3,12.4,robincl02,1991-92
349,295,David Robinson*,C,26,SAS,68,68,37.7,8.7,15.8,0.551,0.0,0.1,0.125,8.7,15.7,0.554,0.552,5.8,8.3,0.701,3.8,8.4,12.2,2.7,2.3,4.5,2.7,3.2,23.2,robinda01,1991-92
350,296,Larry Robinson,SG,24,BOS,1,0,6.0,1.0,5.0,0.2,0.0,0.0,,1.0,5.0,0.2,0.2,0.0,0.0,,2.0,0.0,2.0,1.0,0.0,0.0,1.0,3.0,2.0,robinla01,1991-92
351,297,Rumeal Robinson,PG,25,ATL,81,64,27.4,5.2,11.5,0.456,0.4,1.3,0.327,4.8,10.2,0.472,0.474,2.2,3.4,0.636,0.8,1.9,2.7,5.5,1.3,0.3,2.5,2.2,13.0,robinru01,1991-92
352,298,Dennis Rodman*,PF,30,DET,82,80,40.3,4.2,7.7,0.539,0.4,1.2,0.317,3.8,6.5,0.581,0.564,1.0,1.7,0.6,6.4,12.3,18.7,2.3,0.8,0.9,1.7,3.0,9.8,rodmade01,1991-92
353,299,Tree Rollins,C,36,HOU,59,5,11.8,0.8,1.5,0.535,0.0,0.0,,0.8,1.5,0.535,0.535,0.4,0.5,0.867,1.0,1.9,2.9,0.3,0.2,1.1,0.3,1.4,2.0,rollitr01,1991-92
354,300,Donald Royal,SF,25,SAS,60,4,12.0,1.3,3.0,0.449,0.0,0.0,,1.3,3.0,0.449,0.449,1.5,2.2,0.692,1.1,1.0,2.1,0.6,0.4,0.1,0.7,1.2,4.2,royaldo01,1991-92
355,301,Delaney Rudd,SG,29,UTA,65,0,8.3,1.2,2.9,0.399,0.2,0.7,0.234,1.0,2.2,0.454,0.428,0.5,0.6,0.762,0.2,0.6,0.8,1.7,0.2,0.0,0.8,1.0,3.0,ruddde01,1991-92
356,302,Jeff Ruland,C,33,PHI,13,5,16.1,1.5,2.9,0.526,0.0,0.0,,1.5,2.9,0.526,0.526,0.8,1.2,0.688,1.2,2.4,3.6,0.4,0.5,0.3,1.5,3.5,3.9,rulanje01,1991-92
357,303,John Salley,PF,27,DET,72,38,24.6,3.5,6.8,0.512,0.0,0.0,0.0,3.5,6.7,0.516,0.512,2.6,3.6,0.715,1.5,2.6,4.1,1.6,0.7,1.5,1.4,3.1,9.5,sallejo01,1991-92
358,304,Ralph Sampson*,C,31,WSB,10,0,10.8,0.9,2.9,0.31,0.0,0.2,0.0,0.9,2.7,0.333,0.31,0.4,0.6,0.667,1.1,1.9,3.0,0.4,0.3,0.8,1.0,1.4,2.2,sampsra01,1991-92
359,305,Jeff Sanders,SF,26,ATL,12,0,9.8,1.7,3.8,0.444,0.0,0.0,,1.7,3.8,0.444,0.444,0.6,0.8,0.778,0.8,1.4,2.2,0.8,0.4,0.3,0.4,1.3,3.9,sandeje01,1991-92
360,306,Mike Sanders,SF,31,TOT,31,20,20.4,3.0,5.2,0.571,0.0,0.1,0.333,2.9,5.1,0.576,0.575,1.2,1.5,0.766,0.9,2.2,3.1,1.7,0.8,0.3,0.7,2.7,7.1,sandemi01,1991-92
361,306,Mike Sanders,SF,31,IND,10,0,8.1,1.1,2.2,0.5,0.0,0.0,,1.1,2.2,0.5,0.5,0.5,0.6,0.833,0.0,0.8,0.8,1.1,0.2,0.1,0.6,0.8,2.7,sandemi01,1991-92
362,306,Mike Sanders,SF,31,CLE,21,20,26.3,3.9,6.6,0.583,0.0,0.1,0.333,3.8,6.5,0.588,0.586,1.5,2.0,0.756,1.3,2.9,4.2,2.0,1.0,0.4,0.8,3.6,9.2,sandemi01,1991-92
363,307,Danny Schayes,C,32,MIL,43,4,16.9,1.9,4.6,0.417,0.0,0.0,,1.9,4.6,0.417,0.417,1.7,2.2,0.771,1.3,2.6,3.9,0.8,0.4,0.4,1.0,2.3,5.6,schayda01,1991-92
364,308,Steve Scheffler,C,24,TOT,11,0,5.5,0.5,0.8,0.667,0.0,0.0,,0.5,0.8,0.667,0.667,0.8,1.1,0.75,0.9,0.4,1.3,0.0,0.3,0.1,0.1,0.9,1.9,schefst01,1991-92
365,308,Steve Scheffler,C,24,SAC,4,0,3.8,0.5,0.5,1.0,0.0,0.0,,0.5,0.5,1.0,1.0,1.3,1.5,0.833,0.5,0.3,0.8,0.0,0.0,0.3,0.0,0.5,2.3,schefst01,1991-92
366,308,Steve Scheffler,C,24,DEN,7,0,6.6,0.6,1.0,0.571,0.0,0.0,,0.6,1.0,0.571,0.571,0.6,0.9,0.667,1.1,0.4,1.6,0.0,0.4,0.0,0.1,1.1,1.7,schefst01,1991-92
367,309,Dwayne Schintzius,C,23,SAC,33,0,12.1,1.5,3.5,0.427,0.0,0.1,0.0,1.5,3.4,0.442,0.427,0.3,0.4,0.833,1.3,2.3,3.6,0.6,0.2,0.8,0.6,2.0,3.3,schindw01,1991-92
368,310,Detlef Schrempf,PF,29,IND,80,4,32.6,6.2,11.6,0.536,0.3,0.9,0.324,5.9,10.7,0.554,0.549,4.6,5.5,0.828,2.5,7.1,9.6,3.9,0.8,0.5,2.4,3.6,17.3,schrede01,1991-92
369,311,Byron Scott,SG,30,LAL,82,82,32.7,5.6,12.3,0.458,0.7,1.9,0.344,5.0,10.3,0.479,0.485,3.0,3.5,0.838,0.9,2.9,3.8,2.8,1.3,0.3,1.5,1.7,14.9,scottby01,1991-92
370,312,Dennis Scott,SF,23,ORL,18,15,33.8,7.4,18.4,0.402,1.6,4.9,0.326,5.8,13.4,0.43,0.446,3.6,3.9,0.901,0.8,2.9,3.7,1.9,1.1,0.5,1.7,2.7,19.9,scottde01,1991-92
371,313,Rony Seikaly,C,26,MIA,79,78,35.4,5.9,12.0,0.489,0.0,0.0,0.0,5.9,11.9,0.49,0.489,4.7,6.4,0.733,3.9,7.9,11.8,1.4,0.5,1.5,2.7,3.5,16.4,seikaro01,1991-92
372,314,Brad Sellers,PF,29,DET,43,1,5.3,1.0,2.0,0.466,0.0,0.0,0.0,1.0,2.0,0.471,0.466,0.5,0.6,0.769,0.3,0.6,1.0,0.3,0.0,0.2,0.3,0.5,2.4,sellebr01,1991-92
373,315,Charles Shackleford,C,25,PHI,72,62,19.4,2.8,5.9,0.486,0.0,0.0,0.0,2.8,5.8,0.487,0.486,0.9,1.3,0.663,2.0,3.8,5.8,0.6,0.5,0.7,0.9,2.8,6.6,shackch01,1991-92
374,316,Brian Shaw,PG,25,TOT,63,26,22.6,3.3,8.1,0.407,0.1,0.4,0.217,3.2,7.8,0.416,0.412,1.1,1.4,0.791,0.8,2.4,3.2,4.0,0.9,0.3,1.6,1.8,7.9,shawbr01,1991-92
375,316,Brian Shaw,PG,25,BOS,17,3,25.6,4.1,9.6,0.427,0.0,0.4,0.0,4.1,9.2,0.446,0.427,2.1,2.4,0.875,0.6,3.4,4.1,5.2,0.7,0.6,1.9,1.7,10.3,shawbr01,1991-92
376,316,Brian Shaw,PG,25,MIA,46,23,21.5,3.0,7.6,0.398,0.1,0.3,0.313,2.9,7.2,0.402,0.405,0.8,1.1,0.725,0.8,2.1,2.9,3.5,1.0,0.3,1.5,1.9,7.0,shawbr01,1991-92
377,317,Lionel Simmons,SF,23,SAC,78,78,37.1,6.8,14.9,0.454,0.0,0.1,0.2,6.7,14.8,0.455,0.454,3.6,4.7,0.77,1.9,6.2,8.1,4.3,1.7,1.7,2.8,2.6,17.1,simmoli01,1991-92
378,318,Scott Skiles,PG,27,ORL,75,63,31.7,4.8,11.6,0.414,1.2,3.3,0.364,3.6,8.2,0.434,0.466,3.3,3.7,0.895,0.5,2.2,2.7,7.3,1.0,0.1,3.1,2.5,14.1,skilesc01,1991-92
379,319,Charles Smith,SF,26,LAC,49,25,26.7,5.1,11.0,0.466,0.0,0.1,0.0,5.1,10.9,0.471,0.466,4.3,5.5,0.785,1.9,4.2,6.1,1.1,0.8,2.0,1.4,3.2,14.6,smithch01,1991-92
380,320,Doug Smith,PF,22,DAL,76,32,22.5,3.8,9.2,0.415,0.0,0.1,0.0,3.8,9.1,0.421,0.415,1.2,1.6,0.736,1.7,3.4,5.1,1.7,0.8,0.4,1.3,3.4,8.8,smithdo03,1991-92
381,321,Kenny Smith,PG,26,HOU,81,80,33.8,5.3,11.2,0.475,0.7,1.7,0.394,4.7,9.5,0.489,0.504,2.7,3.1,0.866,0.4,1.8,2.2,6.9,1.3,0.1,2.8,1.4,14.0,smithke01,1991-92
382,322,LaBradford Smith,SG,22,WSB,48,5,14.8,2.1,5.1,0.407,0.0,0.4,0.095,2.0,4.7,0.436,0.411,0.9,1.2,0.804,0.6,1.1,1.7,2.1,0.9,0.0,1.3,2.0,5.1,smithla02,1991-92
383,323,Larry Smith,PF,34,HOU,45,7,17.8,1.1,2.0,0.543,0.0,0.0,0.0,1.1,2.0,0.549,0.543,0.1,0.2,0.364,2.4,3.3,5.7,0.7,0.5,0.2,1.0,2.7,2.3,smithla01,1991-92
384,324,Otis Smith,SG,28,ORL,55,5,15.9,2.1,5.8,0.365,0.1,0.4,0.381,2.0,5.4,0.364,0.377,1.3,1.7,0.769,0.7,1.4,2.1,1.0,0.7,0.2,1.1,1.5,5.6,smithot01,1991-92
385,325,Steve Smith,SG,22,MIA,61,59,29.6,4.9,10.7,0.454,0.7,2.0,0.32,4.2,8.7,0.486,0.485,1.6,2.1,0.748,1.3,1.8,3.1,4.6,1.0,0.3,2.5,2.7,12.0,smithst01,1991-92
386,326,Tony Smith,PG,23,LAL,63,0,13.0,1.8,4.5,0.399,0.0,0.2,0.0,1.8,4.3,0.415,0.399,0.8,1.2,0.653,0.5,0.7,1.2,1.7,0.6,0.1,0.8,1.4,4.4,smithto02,1991-92
387,327,Rik Smits,C,25,IND,74,55,23.9,5.9,11.6,0.51,0.0,0.0,0.0,5.9,11.5,0.511,0.51,2.1,2.6,0.788,1.7,4.0,5.6,1.6,0.4,1.4,1.8,3.1,13.8,smitsri01,1991-92
388,328,Mike Smrek,C,29,GSW,2,0,1.5,0.0,0.0,,0.0,0.0,,0.0,0.0,,,0.0,0.0,,0.0,0.5,0.5,0.0,0.0,0.0,0.0,0.0,0.0,smrekmi01,1991-92
389,329,Rory Sparrow,PG,33,TOT,46,0,10.6,1.3,3.3,0.384,0.1,0.3,0.2,1.2,3.0,0.404,0.394,0.2,0.3,0.615,0.1,0.5,0.6,1.8,0.3,0.1,0.7,1.2,2.8,sparrro01,1991-92
390,329,Rory Sparrow,PG,33,CHI,4,0,4.5,0.3,2.0,0.125,0.3,0.5,0.5,0.0,1.5,0.0,0.188,0.0,0.0,,0.0,0.3,0.3,1.0,0.0,0.0,0.5,0.5,0.8,sparrro01,1991-92
391,329,Rory Sparrow,PG,33,LAL,42,0,11.2,1.4,3.4,0.399,0.0,0.3,0.154,1.3,3.1,0.423,0.406,0.2,0.3,0.615,0.1,0.6,0.6,1.9,0.3,0.1,0.7,1.3,3.0,sparrro01,1991-92
392,330,Felton Spencer,C,24,MIN,61,54,24.3,2.3,5.4,0.426,0.0,0.0,,2.3,5.4,0.426,0.426,2.0,2.9,0.691,2.7,4.4,7.1,0.9,0.4,1.3,1.1,4.0,6.6,spencfe01,1991-92
393,331,John Starks,SG,26,NYK,82,0,25.8,4.9,11.0,0.449,1.1,3.3,0.348,3.8,7.7,0.492,0.501,2.9,3.7,0.778,0.5,1.8,2.3,3.4,1.3,0.2,1.8,2.8,13.9,starkjo01,1991-92
394,332,Larry Stewart,PF,23,WSB,76,43,29.3,4.0,7.8,0.514,0.0,0.0,0.0,4.0,7.7,0.516,0.514,2.5,3.1,0.807,2.4,3.5,5.9,1.6,0.7,0.6,1.5,3.0,10.4,stewala01,1991-92
395,333,John Stockton*,PG,29,UTA,82,82,36.6,5.5,11.5,0.482,1.0,2.5,0.407,4.5,9.0,0.503,0.527,3.8,4.5,0.842,0.8,2.5,3.3,13.7,3.0,0.3,3.5,2.9,15.8,stockjo01,1991-92
396,334,Rod Strickland,PG,25,SAS,57,54,36.0,5.3,11.6,0.455,0.1,0.3,0.333,5.2,11.3,0.458,0.459,3.2,4.6,0.687,1.6,3.0,4.6,8.6,2.1,0.3,2.8,2.1,13.8,stricro02,1991-92
397,335,Derek Strong,PF,23,WSB,1,0,12.0,0.0,4.0,0.0,0.0,0.0,,0.0,4.0,0.0,0.0,3.0,4.0,0.75,1.0,4.0,5.0,1.0,0.0,0.0,1.0,1.0,3.0,stronde01,1991-92
398,336,Lamont Strothers,SG,23,POR,4,0,4.3,1.0,3.0,0.333,0.0,0.5,0.0,1.0,2.5,0.4,0.333,0.5,1.0,0.5,0.3,0.0,0.3,0.3,0.3,0.3,0.5,0.5,2.5,strotla01,1991-92
399,337,Jon Sundvold,PG,30,MIA,3,0,2.7,0.3,1.0,0.333,0.3,0.3,1.0,0.0,0.7,0.0,0.5,0.0,0.0,,0.0,0.0,0.0,0.7,0.0,0.0,0.0,0.7,1.0,sundvjo01,1991-92
400,338,Greg Sutton,PG,24,SAS,67,2,9.0,1.4,3.6,0.388,0.4,1.3,0.292,1.0,2.3,0.444,0.442,0.5,0.7,0.756,0.1,0.6,0.7,1.4,0.4,0.1,1.0,1.7,3.7,suttogr01,1991-92
401,339,Terry Teagle,SG,31,LAL,82,0,19.5,4.4,9.8,0.452,0.0,0.0,0.25,4.4,9.8,0.453,0.453,1.8,2.4,0.766,1.1,1.1,2.2,1.4,0.8,0.1,1.4,1.8,10.7,teaglte01,1991-92
402,340,Carl Thomas,SG,22,SAC,1,0,31.0,5.0,12.0,0.417,1.0,2.0,0.5,4.0,10.0,0.4,0.458,1.0,2.0,0.5,0.0,0.0,0.0,1.0,1.0,0.0,1.0,3.0,12.0,thomaca01,1991-92
403,341,Charles Thomas,SG,22,DET,36,0,4.3,0.5,1.4,0.353,0.1,0.5,0.118,0.4,0.9,0.471,0.373,0.3,0.4,0.667,0.2,0.4,0.6,0.6,0.1,0.0,0.5,0.6,1.3,thomach01,1991-92
404,342,Isiah Thomas*,PG,30,DET,78,78,37.4,7.2,16.2,0.446,0.3,1.1,0.291,6.9,15.1,0.458,0.456,3.7,4.8,0.772,0.9,2.3,3.2,7.2,1.5,0.2,3.2,2.5,18.5,thomais01,1991-92
405,343,Billy Thompson,SF,28,GSW,1,0,1.0,0.0,0.0,,0.0,0.0,,0.0,0.0,,,0.0,0.0,,0.0,0.0,0.0,0.0,0.0,0.0,0.0,0.0,0.0,thompbi01,1991-92
406,344,LaSalle Thompson,C,30,IND,80,49,16.2,2.1,4.5,0.468,0.0,0.0,0.0,2.1,4.5,0.471,0.468,0.7,0.9,0.817,1.2,3.5,4.8,1.3,0.7,0.4,1.2,2.6,4.9,thompla01,1991-92
407,345,Stephen Thompson,SG,23,TOT,19,0,4.8,0.7,1.9,0.378,0.0,0.1,0.0,0.7,1.9,0.389,0.378,0.2,0.4,0.375,0.6,0.4,1.0,0.4,0.3,0.2,0.3,0.5,1.6,thompst01,1991-92
408,345,Stephen Thompson,SG,23,ORL,1,0,15.0,1.0,3.0,0.333,0.0,0.0,,1.0,3.0,0.333,0.333,0.0,0.0,,0.0,1.0,1.0,1.0,0.0,0.0,2.0,2.0,2.0,thompst01,1991-92
409,345,Stephen Thompson,SG,23,SAC,18,0,4.2,0.7,1.9,0.382,0.0,0.1,0.0,0.7,1.8,0.394,0.382,0.2,0.4,0.375,0.6,0.4,1.0,0.4,0.3,0.2,0.2,0.4,1.6,thompst01,1991-92
410,346,Bob Thornton,PF,29,UTA,2,0,3.0,0.5,3.5,0.143,0.0,0.0,,0.5,3.5,0.143,0.143,1.0,1.0,1.0,1.0,0.0,1.0,0.0,0.0,0.0,0.0,0.5,2.0,thornbo01,1991-92
411,347,Otis Thorpe,PF,29,HOU,82,82,37.3,6.8,11.5,0.592,0.0,0.1,0.0,6.8,11.4,0.596,0.592,3.7,5.6,0.657,3.5,7.0,10.5,3.0,0.6,0.5,2.9,3.7,17.3,thorpot01,1991-92
412,348,Sedale Threatt,PG,30,LAL,82,82,37.4,6.2,12.7,0.489,0.2,0.8,0.323,6.0,11.9,0.499,0.499,2.5,3.0,0.831,0.5,2.6,3.1,7.2,2.0,0.2,2.2,2.8,15.1,threase01,1991-92
413,349,Wayman Tisdale,PF,27,SAC,72,71,35.0,7.3,14.5,0.5,0.0,0.0,0.0,7.3,14.5,0.501,0.5,2.1,2.8,0.763,1.9,4.6,6.5,1.5,0.8,1.1,1.7,3.4,16.6,tisdawa01,1991-92
414,350,Tom Tolbert,PF,26,GSW,35,0,8.9,0.9,2.5,0.384,0.1,0.2,0.25,0.9,2.2,0.397,0.395,0.6,1.1,0.55,0.4,1.2,1.6,0.6,0.3,0.2,0.6,2.1,2.6,tolbeto01,1991-92
415,351,Trent Tucker,SG,32,SAS,24,0,17.3,2.5,5.4,0.465,0.8,2.0,0.396,1.7,3.4,0.506,0.539,0.7,0.8,0.8,0.3,1.2,1.5,1.1,0.9,0.1,0.6,1.6,6.5,tucketr01,1991-92
416,352,Andre Turner,PG,27,WSB,70,3,12.4,1.6,3.7,0.425,0.0,0.2,0.063,1.6,3.5,0.449,0.427,0.9,1.1,0.792,0.2,1.0,1.3,2.5,0.8,0.0,1.2,0.8,4.1,turnean01,1991-92
417,353,Jeff Turner,SF,29,ORL,75,42,21.2,3.0,6.7,0.451,0.0,0.1,0.125,3.0,6.5,0.456,0.452,1.1,1.5,0.693,0.8,2.5,3.3,1.2,0.3,0.2,1.4,3.1,7.1,turneje01,1991-92
418,354,John Turner,SF,24,HOU,42,0,8.2,1.0,2.3,0.439,0.0,0.0,,1.0,2.3,0.439,0.439,0.7,1.4,0.525,0.9,1.0,1.9,0.3,0.1,0.1,0.8,1.0,2.8,turnejo01,1991-92
419,355,Kiki Vandeweghe,SF,33,NYK,67,0,14.3,2.8,5.7,0.491,0.4,1.0,0.394,2.4,4.7,0.511,0.525,1.0,1.2,0.802,0.5,0.9,1.3,0.9,0.2,0.1,0.4,1.3,7.0,vandeki01,1991-92
420,356,Loy Vaught,PF,23,LAC,79,38,21.4,3.4,7.0,0.492,0.1,0.1,0.8,3.4,6.9,0.489,0.495,0.7,0.9,0.797,2.0,4.5,6.5,0.9,0.5,0.4,0.8,2.1,7.6,vaughlo01,1991-92
421,357,João Vianna,SF,25,DAL,1,0,9.0,1.0,2.0,0.5,0.0,0.0,,1.0,2.0,0.5,0.5,0.0,0.0,,0.0,0.0,0.0,2.0,0.0,0.0,1.0,3.0,2.0,viannjo01,1991-92
422,358,Sam Vincent,PG,28,ORL,39,18,22.7,3.8,8.9,0.43,0.0,0.3,0.077,3.8,8.6,0.443,0.431,2.8,3.3,0.846,0.5,2.1,2.6,3.8,0.9,0.1,1.8,1.4,10.5,vincesa01,1991-92
423,359,Alexander Volkov,C,27,ATL,77,27,19.7,3.3,7.4,0.441,0.5,1.4,0.318,2.8,6.0,0.471,0.472,1.6,2.6,0.631,1.3,2.1,3.4,3.2,0.9,0.4,1.3,2.3,8.6,volkoal01,1991-92
424,360,Stojko Vranković,C,28,BOS,19,0,5.8,0.8,1.7,0.469,0.0,0.0,,0.8,1.7,0.469,0.469,0.4,0.6,0.583,0.4,1.1,1.5,0.3,0.0,0.9,0.5,1.2,1.9,vrankst01,1991-92
425,361,Darrell Walker,SG,30,DET,74,4,20.8,2.2,5.1,0.423,0.0,0.1,0.0,2.2,5.0,0.434,0.423,0.9,1.4,0.619,1.1,2.1,3.2,2.8,0.9,0.2,1.1,1.8,5.2,walkeda01,1991-92
426,362,Spud Webb,PG,28,SAC,77,77,35.4,5.8,13.1,0.445,0.9,2.6,0.367,4.9,10.5,0.465,0.482,3.4,4.0,0.859,0.4,2.5,2.9,7.1,1.6,0.3,3.0,2.5,16.0,webbsp01,1991-92
427,363,Doug West,SG,24,MIN,80,72,31.8,5.8,11.2,0.518,0.1,0.3,0.174,5.7,10.9,0.527,0.52,2.3,2.9,0.805,1.3,1.9,3.2,3.5,0.8,0.3,1.5,3.0,14.0,westdo01,1991-92
428,364,Mark West,C,31,PHO,82,11,17.5,2.4,3.8,0.632,0.0,0.0,,2.4,3.8,0.632,0.632,1.3,2.1,0.637,1.6,2.9,4.5,0.3,0.2,1.0,1.0,2.9,6.1,westma01,1991-92
429,365,Ennis Whatley,PG,29,POR,23,0,9.1,0.9,2.2,0.412,0.0,0.2,0.0,0.9,2.0,0.447,0.412,1.2,1.3,0.871,0.3,0.7,0.9,1.5,0.6,0.1,0.6,0.5,3.0,whatlen01,1991-92
430,366,Randy White,PF,24,DAL,65,12,15.7,2.2,5.9,0.38,0.1,0.4,0.148,2.2,5.5,0.397,0.385,1.9,2.5,0.765,1.5,2.2,3.6,0.5,0.5,0.3,1.0,2.4,6.4,whitera01,1991-92
431,367,Mitchell Wiggins,SG,32,PHI,49,0,11.6,1.8,4.7,0.384,0.0,0.0,0.0,1.8,4.7,0.386,0.384,0.7,1.0,0.686,0.9,1.0,1.9,0.4,0.4,0.0,0.5,1.4,4.3,wiggimi01,1991-92
432,368,Morlon Wiley,PG,25,TOT,53,19,16.4,1.6,3.6,0.43,0.3,0.8,0.333,1.3,2.8,0.457,0.466,0.5,0.7,0.686,0.5,1.1,1.5,3.4,0.9,0.1,1.1,1.7,3.8,wileymo01,1991-92
433,368,Morlon Wiley,PG,25,ORL,9,0,10.0,1.0,3.1,0.321,0.0,0.4,0.0,1.0,2.7,0.375,0.321,0.3,0.6,0.6,0.2,0.6,0.8,1.4,0.4,0.0,0.9,1.4,2.3,wileymo01,1991-92
434,368,Morlon Wiley,PG,25,SAS,3,0,4.3,1.0,1.7,0.6,0.0,0.0,,1.0,1.7,0.6,0.6,0.0,0.0,,0.0,0.3,0.3,0.3,0.0,0.0,0.0,1.0,2.0,wileymo01,1991-92
435,368,Morlon Wiley,PG,25,ATL,41,19,18.7,1.7,3.9,0.444,0.3,0.9,0.368,1.4,3.0,0.467,0.488,0.5,0.7,0.7,0.5,1.2,1.8,4.0,1.0,0.1,1.3,1.8,4.3,wileymo01,1991-92
436,369,Dominique Wilkins*,SF,32,ATL,42,42,38.1,10.1,21.8,0.464,0.9,3.0,0.289,9.2,18.7,0.492,0.484,7.0,8.4,0.835,2.5,4.6,7.0,3.8,1.2,0.6,2.9,1.8,28.1,wilkido01,1991-92
437,370,Gerald Wilkins,SG,28,NYK,82,82,28.6,5.3,11.8,0.447,0.5,1.3,0.352,4.8,10.4,0.459,0.467,1.4,1.9,0.73,0.9,1.6,2.5,2.7,0.9,0.2,1.4,2.4,12.4,wilkige01,1991-92
438,371,Buck Williams,PF,31,POR,80,80,31.5,4.3,7.0,0.604,0.0,0.0,0.0,4.3,7.0,0.605,0.604,2.8,3.7,0.754,3.3,5.6,8.8,1.4,0.8,0.5,1.6,3.1,11.3,willibu01,1991-92
439,372,Herb Williams,C,33,DAL,75,26,27.2,4.9,11.3,0.431,0.0,0.1,0.167,4.9,11.3,0.433,0.432,1.7,2.3,0.725,1.4,4.6,6.1,1.3,0.5,1.3,1.5,2.5,11.5,willihe01,1991-92
440,373,Hot Rod Williams,C,29,CLE,80,12,30.4,4.3,8.5,0.503,0.0,0.1,0.0,4.3,8.4,0.506,0.503,3.4,4.5,0.752,2.9,4.7,7.6,2.5,0.8,2.3,1.0,2.4,11.9,williho01,1991-92
441,374,Jayson Williams,PF,23,PHI,50,8,12.9,1.5,4.1,0.364,0.0,0.0,,1.5,4.1,0.364,0.364,1.1,1.8,0.636,1.2,1.7,2.9,0.2,0.4,0.4,0.9,2.2,4.1,willija01,1991-92
442,375,Kenny Williams,SF,22,IND,60,6,9.4,1.9,3.6,0.518,0.0,0.1,0.0,1.9,3.6,0.528,0.518,0.4,0.7,0.605,1.1,1.1,2.2,0.7,0.3,0.7,0.4,1.7,4.2,willike03,1991-92
443,376,Micheal Williams,PG,25,IND,79,76,34.8,5.1,10.4,0.49,0.1,0.4,0.242,5.0,10.0,0.501,0.495,4.7,5.4,0.871,0.9,2.6,3.6,8.2,2.9,0.3,3.0,3.3,15.0,willimi02,1991-92
444,377,Reggie Williams,SF,27,DEN,81,80,32.4,7.4,15.8,0.471,0.7,1.9,0.359,6.7,13.8,0.486,0.493,2.7,3.3,0.803,1.8,3.2,5.0,2.9,1.8,0.8,2.1,3.3,18.2,willire01,1991-92
445,378,Scott Williams,PF,23,CHI,63,0,11.0,1.3,2.7,0.483,0.0,0.0,0.0,1.3,2.7,0.491,0.483,0.8,1.2,0.649,1.4,2.5,3.9,0.8,0.2,0.6,0.6,1.9,3.4,willisc01,1991-92
446,379,Kevin Willis,PF,29,ATL,81,80,36.6,7.3,15.1,0.483,0.1,0.5,0.162,7.2,14.7,0.493,0.485,3.6,4.5,0.804,5.2,10.4,15.5,2.1,0.9,0.7,2.4,2.8,18.3,willike02,1991-92
447,380,Kennard Winchester,SF-SG,25,TOT,19,0,4.3,0.7,1.6,0.433,0.1,0.1,0.5,0.6,1.5,0.429,0.45,0.4,0.5,0.8,0.3,0.5,0.8,0.4,0.1,0.1,0.1,0.3,1.8,winchke01,1991-92
448,380,Kennard Winchester,SG,25,HOU,4,0,4.3,0.3,0.8,0.333,0.0,0.0,,0.3,0.8,0.333,0.333,0.0,0.0,,0.0,0.0,0.0,0.0,0.0,0.0,0.0,0.3,0.5,winchke01,1991-92
449,380,Kennard Winchester,SF,25,NYK,15,0,4.3,0.8,1.8,0.444,0.1,0.1,0.5,0.7,1.7,0.44,0.463,0.5,0.7,0.8,0.4,0.6,1.0,0.5,0.1,0.1,0.1,0.3,2.2,winchke01,1991-92
450,381,David Wingate,SG,28,WSB,81,72,26.3,3.3,7.1,0.465,0.0,0.2,0.056,3.3,6.8,0.478,0.466,1.3,1.8,0.719,1.0,2.3,3.3,3.0,1.5,0.3,1.5,2.0,7.9,wingada01,1991-92
451,382,Randy Wittman,SG,32,IND,24,0,4.8,0.3,0.8,0.421,0.0,0.0,,0.3,0.8,0.421,0.421,0.0,0.1,0.5,0.0,0.3,0.4,0.5,0.1,0.0,0.1,0.2,0.7,wittmra01,1991-92
452,383,Joe Wolf,C,27,DEN,67,0,17.3,1.5,4.1,0.361,0.0,0.2,0.091,1.5,4.0,0.372,0.363,0.8,1.0,0.803,1.4,2.1,3.6,0.9,0.5,0.2,0.9,1.9,3.8,wolfjo01,1991-92
453,384,Orlando Woolridge,SF,32,DET,82,61,25.8,5.5,11.1,0.498,0.0,0.1,0.111,5.5,11.0,0.502,0.499,2.9,4.3,0.683,1.3,1.8,3.2,1.1,0.5,0.4,1.6,1.9,14.0,woolror01,1991-92
454,385,James Worthy*,SF,30,LAL,54,54,39.0,8.3,18.6,0.447,0.2,0.8,0.209,8.2,17.9,0.457,0.451,3.1,3.8,0.814,1.8,3.8,5.6,4.7,1.4,0.4,2.4,1.6,19.9,worthja01,1991-92
455,386,Danny Young,PG,29,TOT,62,5,16.5,1.6,4.1,0.392,0.4,1.1,0.329,1.2,3.0,0.416,0.437,0.9,1.1,0.851,0.3,1.0,1.2,2.8,0.7,0.1,0.8,0.9,4.5,youngda01,1991-92
456,386,Danny Young,PG,29,POR,18,0,7.4,0.9,2.2,0.4,0.2,0.6,0.3,0.7,1.7,0.433,0.438,0.6,0.8,0.714,0.0,0.5,0.5,1.1,0.3,0.0,0.3,0.3,2.5,youngda01,1991-92
457,386,Danny Young,PG,29,LAC,44,5,20.2,1.9,4.9,0.391,0.5,1.4,0.333,1.5,3.5,0.413,0.437,1.1,1.2,0.887,0.4,1.1,1.5,3.5,0.9,0.1,1.0,1.1,5.3,youngda01,1991-92
