,Unnamed: 0,Rank,Player,Age,Tm,First,Pts Won,Pts Max,Share,G,MP,PTS,TRB,AST,STL,BLK,FG%,3P%,FT%,WS,WS/48,-9999,Season
0,0,1,Moses Malone,26,HOU,40.0,507.0,690,0.735,81,42.0,31.1,14.7,1.8,0.9,1.5,0.519,0.0,0.762,15.4,0.218,malonmo01,1981-82
1,1,2,Larry Bird,25,BOS,20.0,406.0,690,0.588,77,38.0,22.9,10.9,5.8,1.9,0.9,0.503,0.212,0.863,12.5,0.205,birdla01,1981-82
2,2,3,Julius Erving,31,PHI,1.0,203.0,690,0.294,81,34.4,24.4,6.9,3.9,2.0,1.7,0.546,0.273,0.763,13.3,0.229,ervinju01,1981-82
3,3,4,Robert Parish,28,BOS,4.0,131.0,690,0.19,80,31.7,19.9,10.8,1.8,0.9,2.4,0.542,,0.71,10.0,0.19,parisro01,1981-82
4,4,5,Gus Williams,28,SEA,2.0,115.0,690,0.167,80,36.0,23.4,3.1,6.9,2.2,0.5,0.486,0.225,0.734,10.2,0.171,willigu01,1981-82
5,5,6,George Gervin,29,SAS,1.0,110.0,690,0.159,79,35.7,32.3,5.0,2.4,1.0,0.6,0.5,0.278,0.864,10.7,0.182,gervige01,1981-82
6,6,7,Sidney Moncrief,24,MIL,1.0,101.0,690,0.146,80,37.3,19.8,6.7,4.8,1.7,0.3,0.523,0.071,0.817,13.4,0.216,moncrsi01,1981-82
7,7,8,Magic Johnson,22,LAL,0.0,67.0,690,0.097,78,38.3,18.6,9.6,9.5,2.7,0.4,0.537,0.207,0.76,12.9,0.207,johnsma02,1981-82
8,8,9,Jack Sikma,26,SEA,0.0,33.0,690,0.048,82,37.2,19.6,12.7,3.4,1.2,1.3,0.479,0.154,0.855,12.6,0.199,sikmaja01,1981-82
9,9,10,Kareem Abdul-Jabbar,34,LAL,0.0,31.0,690,0.045,76,35.2,23.9,8.7,3.0,0.8,2.7,0.579,0.0,0.706,10.7,0.192,abdulka01,1981-82
10,10,11T,Dan Roundfield,28,ATL,0.0,14.0,690,0.02,61,36.3,18.6,11.8,2.7,1.0,1.5,0.466,0.2,0.76,6.5,0.141,roundda01,1981-82
11,11,11T,Kelly Tripucka,22,DET,0.0,14.0,690,0.02,82,37.5,21.6,5.4,3.3,1.1,0.2,0.496,0.227,0.797,7.5,0.117,tripuke01,1981-82
12,12,13,Alex English,28,DEN,0.0,12.0,690,0.017,82,36.8,25.4,6.8,5.3,1.1,1.5,0.551,0.0,0.84,9.5,0.152,englial01,1981-82
13,13,14,Bernard King,25,GSW,0.0,10.0,690,0.014,79,36.2,23.2,5.9,3.6,1.0,0.3,0.566,0.2,0.705,8.7,0.147,kingbe01,1981-82
14,14,15,Adrian Dantley,26,UTA,0.0,7.0,690,0.01,81,39.8,30.3,6.3,4.0,1.2,0.2,0.57,0.333,0.792,12.6,0.187,dantlad01,1981-82
15,15,16,Ray Williams,27,NJN,0.0,6.0,690,0.009,82,33.3,20.4,4.0,6.0,2.4,0.5,0.462,0.167,0.832,7.9,0.139,willira01,1981-82
16,16,17T,Michael Cooper,25,LAL,0.0,3.0,690,0.004,76,28.9,11.9,3.5,3.0,1.6,0.8,0.517,0.118,0.813,5.0,0.109,coopemi01,1981-82
17,17,17T,Dan Issel,33,DEN,0.0,3.0,690,0.004,81,30.5,22.9,7.5,2.2,0.8,0.7,0.527,0.667,0.834,9.8,0.19,isselda01,1981-82
18,18,17T,Marques Johnson,25,MIL,0.0,3.0,690,0.004,60,31.7,16.5,6.1,3.6,1.0,0.6,0.532,0.0,0.7,6.2,0.158,johnsma01,1981-82
19,19,17T,Isiah Thomas,20,DET,0.0,3.0,690,0.004,72,33.8,17.0,2.9,7.8,2.1,0.2,0.424,0.288,0.704,2.3,0.046,thomais01,1981-82
20,20,21T,Dennis Johnson,27,PHO,0.0,1.0,690,0.001,80,36.7,19.5,5.1,4.6,1.3,0.7,0.47,0.19,0.806,8.1,0.132,johnsde01,1981-82
21,21,21T,Mychal Thompson,27,POR,0.0,1.0,690,0.001,79,39.6,20.8,11.7,4.0,0.9,1.4,0.523,,0.628,8.2,0.125,thompmy01,1981-82
22,22,21T,Jay Vincent,22,DAL,0.0,1.0,690,0.001,81,32.4,21.4,7.0,2.2,1.1,0.3,0.497,0.25,0.716,5.6,0.102,vinceja01,1981-82
23,23,21T,Jamaal Wilkes,28,LAL,0.0,1.0,690,0.001,82,35.4,21.1,4.8,1.7,1.1,0.3,0.525,0.0,0.732,7.7,0.127,wilkeja01,1981-82
24,24,21T,Buck Williams,21,NJN,0.0,1.0,690,0.001,82,34.5,15.5,12.3,1.3,1.0,1.0,0.582,0.0,0.624,8.9,0.152,willibu01,1981-82
25,0,1,Moses Malone,27,PHI,69.0,720.0,750,0.96,78,37.5,24.5,15.3,1.3,1.1,2.0,0.501,0.0,0.761,15.1,0.248,malonmo01,1982-83
26,1,2,Larry Bird,26,BOS,1.0,364.0,750,0.485,79,37.7,23.6,11.0,5.8,1.9,0.9,0.504,0.286,0.84,14.0,0.225,birdla01,1982-83
27,2,3,Magic Johnson,23,LAL,2.0,304.5,750,0.406,79,36.8,16.8,8.6,10.5,2.2,0.6,0.548,0.0,0.8,12.5,0.207,johnsma02,1982-83
28,3,4,Sidney Moncrief,25,MIL,0.0,226.0,750,0.301,76,35.7,22.5,5.8,3.9,1.5,0.3,0.524,0.1,0.826,13.2,0.233,moncrsi01,1982-83
29,4,5,Julius Erving,32,PHI,3.0,112.0,750,0.149,72,33.6,21.4,6.8,3.7,1.6,1.8,0.517,0.286,0.759,10.9,0.217,ervinju01,1982-83
30,5,6,Alex English,29,DEN,0.0,42.0,750,0.056,82,36.4,28.4,7.3,4.8,1.4,1.5,0.516,0.167,0.829,10.3,0.166,englial01,1982-83
31,6,7,Buck Williams,22,NJN,0.0,40.0,750,0.053,82,36.1,17.0,12.5,1.5,1.1,1.3,0.588,0.0,0.62,11.4,0.185,willibu01,1982-83
32,7,8,Artis Gilmore,33,SAS,0.0,33.0,750,0.044,82,34.1,18.0,12.0,1.5,0.5,2.3,0.626,0.0,0.74,11.0,0.189,gilmoar01,1982-83
33,8,9,George Gervin,30,SAS,0.0,30.0,750,0.04,78,36.3,26.2,4.6,3.4,1.1,0.9,0.487,0.364,0.853,9.4,0.159,gervige01,1982-83
34,9,10,Kareem Abdul-Jabbar,35,LAL,0.0,15.0,750,0.02,79,32.3,21.8,7.5,2.5,0.8,2.2,0.588,0.0,0.749,10.9,0.205,abdulka01,1982-83
35,10,11,Jack Sikma,27,SEA,0.0,13.0,750,0.017,75,34.2,18.2,11.4,3.1,1.2,0.9,0.464,0.0,0.837,9.8,0.183,sikmaja01,1982-83
36,11,12,Jeff Ruland,24,WSB,0.0,12.0,750,0.016,79,36.2,19.4,11.0,3.0,0.9,1.0,0.552,0.333,0.689,10.1,0.169,rulanje01,1982-83
37,12,13,Terry Cummings,21,SDC,0.0,10.0,750,0.013,70,36.2,23.7,10.6,2.5,1.8,0.9,0.523,0.0,0.709,8.7,0.164,cummite01,1982-83
38,13,14,Maurice Lucas,30,PHO,0.0,9.0,750,0.012,77,33.6,16.5,10.4,2.8,0.7,0.6,0.474,0.333,0.781,7.1,0.132,lucasma01,1982-83
39,14,15,Alton Lister,24,MIL,0.0,5.0,750,0.007,80,23.6,8.4,7.1,1.4,0.6,2.2,0.529,,0.537,3.8,0.096,listeal01,1982-83
40,15,16T,Bernard King,26,NYK,0.0,4.0,750,0.005,68,32.5,21.9,4.8,2.9,1.3,0.2,0.528,0.0,0.722,7.5,0.163,kingbe01,1982-83
41,16,16T,Isiah Thomas,21,DET,0.0,4.0,750,0.005,81,38.2,22.9,4.0,7.8,2.5,0.4,0.472,0.288,0.71,7.4,0.115,thomais01,1982-83
42,17,18T,Larry Drew,24,KCK,0.0,3.0,750,0.004,75,35.9,20.1,2.8,8.1,1.7,0.1,0.492,0.125,0.82,7.2,0.128,drewla01,1982-83
43,18,18T,Gus Williams,29,SEA,0.0,3.0,750,0.004,80,34.5,20.0,2.6,8.0,2.3,0.3,0.477,0.047,0.751,8.5,0.148,willigu01,1982-83
44,19,20,Dan Roundfield,29,ATL,0.0,2.0,750,0.003,77,36.5,19.0,11.4,2.9,0.8,1.5,0.47,0.185,0.749,7.4,0.127,roundda01,1982-83
45,20,21,Marques Johnson,26,MIL,0.0,1.5,750,0.002,80,35.7,21.4,7.0,4.5,1.3,0.7,0.509,0.2,0.735,10.7,0.18,johnsma01,1982-83
46,21,22T,Norm Nixon,27,LAL,0.0,1.0,750,0.001,79,34.3,15.1,2.6,7.2,1.3,0.1,0.475,0.0,0.744,3.9,0.069,nixonno01,1982-83
47,22,22T,Kiki Vandeweghe,24,DEN,0.0,1.0,750,0.001,82,35.5,26.7,5.3,2.5,0.8,0.5,0.547,0.294,0.875,11.0,0.182,vandeki01,1982-83
48,0,1,Larry Bird,27,BOS,52.0,652.0,760,0.858,79,38.3,24.2,10.1,6.6,1.8,0.9,0.492,0.247,0.888,13.6,0.215,birdla01,1983-84
49,1,2,Bernard King,27,NYK,11.0,373.0,760,0.491,77,34.6,26.3,5.1,2.1,1.0,0.2,0.572,0.0,0.779,12.1,0.218,kingbe01,1983-84
50,2,3,Magic Johnson,24,LAL,5.0,305.0,760,0.401,67,38.3,17.6,7.3,13.1,2.2,0.7,0.565,0.207,0.81,10.2,0.191,johnsma02,1983-84
51,3,4,Kareem Abdul-Jabbar,36,LAL,3.0,153.0,760,0.201,80,32.8,21.5,7.3,2.6,0.7,1.8,0.578,0.0,0.723,8.9,0.163,abdulka01,1983-84
52,4,5,Isiah Thomas,22,DET,1.0,115.0,760,0.151,82,36.7,21.3,4.0,11.1,2.5,0.4,0.462,0.338,0.733,9.1,0.144,thomais01,1983-84
53,5,6,Julius Erving,33,PHI,1.0,98.0,760,0.129,77,34.8,22.4,6.9,4.0,1.8,1.8,0.512,0.333,0.754,10.1,0.18,ervinju01,1983-84
54,6,7,Adrian Dantley,28,UTA,1.0,88.0,760,0.116,79,37.8,30.6,5.7,3.9,0.8,0.1,0.558,0.25,0.859,14.6,0.235,dantlad01,1983-84
55,7,8,Sidney Moncrief,26,MIL,1.0,70.0,760,0.092,79,38.9,20.9,6.7,4.5,1.4,0.3,0.498,0.278,0.848,12.7,0.198,moncrsi01,1983-84
56,8,9,Jeff Ruland,25,WSB,1.0,38.0,760,0.05,75,41.1,22.2,12.3,3.9,0.9,1.0,0.579,0.143,0.733,9.3,0.144,rulanje01,1983-84
57,9,10,Moses Malone,28,PHI,0.0,35.0,760,0.046,71,36.8,22.7,13.4,1.4,1.0,1.5,0.483,0.0,0.75,9.5,0.175,malonmo01,1983-84
58,10,11,Mark Aguirre,24,DAL,0.0,28.0,760,0.037,79,36.7,29.5,5.9,4.5,1.0,0.3,0.524,0.268,0.749,9.0,0.149,aguirma01,1983-84
59,11,12,Bill Laimbeer,26,DET,0.0,9.0,760,0.012,82,34.9,17.3,12.2,1.8,0.6,1.0,0.53,0.0,0.866,10.8,0.181,laimbbi01,1983-84
60,12,13,Rickey Green,29,UTA,0.0,8.0,760,0.011,81,34.2,13.2,2.8,9.2,2.7,0.2,0.486,0.118,0.821,7.9,0.138,greenri01,1983-84
61,13,14T,World B. Free,30,CLE,0.0,1.0,760,0.001,75,31.7,22.3,2.9,3.0,1.3,0.1,0.445,0.319,0.784,5.3,0.107,freewo01,1983-84
62,14,14T,Marques Johnson,27,MIL,0.0,1.0,760,0.001,74,36.7,20.7,6.5,4.3,1.6,0.6,0.502,0.154,0.709,8.6,0.152,johnsma01,1983-84
63,0,1,Larry Bird,28,BOS,73.0,763.0,780,0.978,80,39.5,28.7,10.5,6.6,1.6,1.2,0.522,0.427,0.882,15.7,0.238,birdla01,1984-85
64,1,2,Magic Johnson,25,LAL,1.0,264.0,780,0.338,77,36.1,18.3,6.2,12.6,1.5,0.3,0.561,0.189,0.843,12.7,0.22,johnsma02,1984-85
65,2,3,Moses Malone,29,PHI,0.0,218.0,780,0.279,79,37.4,24.6,13.1,1.6,0.8,1.6,0.469,0.0,0.815,11.9,0.193,malonmo01,1984-85
66,3,4,Kareem Abdul-Jabbar,37,LAL,0.0,206.0,780,0.264,79,33.3,22.0,7.9,3.2,0.8,2.1,0.599,0.0,0.732,11.2,0.204,abdulka01,1984-85
67,4,5,Terry Cummings,23,MIL,2.0,138.0,780,0.177,79,34.5,23.6,9.1,2.9,1.5,0.8,0.495,0.0,0.741,10.7,0.189,cummite01,1984-85
68,5,6,Michael Jordan,21,CHI,2.0,134.0,780,0.172,82,38.3,28.2,6.5,5.9,2.4,0.8,0.515,0.173,0.845,14.0,0.213,jordami01,1984-85
69,6,7,Bernard King,28,NYK,0.0,70.0,780,0.09,55,37.5,32.9,5.8,3.7,1.3,0.3,0.53,0.1,0.772,7.1,0.166,kingbe01,1984-85
70,7,8,Sidney Moncrief,27,MIL,0.0,65.0,780,0.083,73,37.5,21.7,5.4,5.2,1.6,0.5,0.483,0.273,0.828,11.2,0.197,moncrsi01,1984-85
71,8,9,Isiah Thomas,23,DET,0.0,63.0,780,0.081,81,38.1,21.2,4.5,13.9,2.3,0.3,0.458,0.257,0.809,11.2,0.173,thomais01,1984-85
72,9,10,Ralph Sampson,24,HOU,0.0,26.0,780,0.033,82,37.6,22.1,10.4,2.7,1.0,2.0,0.502,0.0,0.676,6.2,0.096,sampsra01,1984-85
73,10,11,Calvin Natt,28,DEN,0.0,22.0,780,0.028,78,34.1,23.3,7.8,3.1,1.0,0.4,0.546,0.0,0.793,10.2,0.185,nattca01,1984-85
74,11,12T,Alex English,31,DEN,0.0,12.0,780,0.015,81,36.1,27.9,5.7,4.2,1.2,0.6,0.518,0.2,0.829,8.9,0.146,englial01,1984-85
75,12,12T,Hakeem Olajuwon,22,HOU,0.0,12.0,780,0.015,82,35.5,20.6,11.9,1.4,1.2,2.7,0.538,,0.613,10.2,0.168,olajuha01,1984-85
76,13,14,Micheal Ray Richardson,29,NJN,0.0,11.0,780,0.014,82,38.1,20.1,5.6,8.2,3.0,0.3,0.469,0.252,0.767,8.7,0.134,richami01,1984-85
77,14,15,Andrew Toney,27,PHI,0.0,5.0,780,0.006,70,32.0,17.8,2.5,5.2,0.9,0.3,0.492,0.371,0.862,5.5,0.118,toneyan01,1984-85
78,15,16,Mark Eaton,28,UTA,0.0,4.0,780,0.005,82,34.3,9.7,11.3,1.5,0.4,5.6,0.449,,0.712,5.4,0.093,eatonma01,1984-85
79,16,17T,Paul Pressey,26,MIL,0.0,3.0,780,0.004,80,36.0,16.1,5.4,6.8,1.6,0.7,0.517,0.35,0.758,9.6,0.16,presspa01,1984-85
80,17,17T,Jack Sikma,29,SEA,0.0,3.0,780,0.004,68,35.3,18.5,10.6,4.2,1.2,1.3,0.489,0.2,0.852,8.3,0.166,sikmaja01,1984-85
81,18,17T,Dominique Wilkins,25,ATL,0.0,3.0,780,0.004,81,37.3,27.4,6.9,2.5,1.7,0.7,0.451,0.309,0.806,7.6,0.121,wilkido01,1984-85
82,19,20T,World B. Free,31,CLE,0.0,2.0,780,0.003,71,31.7,22.5,3.0,4.5,1.1,0.2,0.459,0.368,0.749,6.0,0.127,freewo01,1984-85
83,20,20T,Purvis Short,27,GSW,0.0,2.0,780,0.003,78,39.5,28.0,5.1,3.0,1.5,0.3,0.46,0.313,0.817,6.2,0.097,shortpu01,1984-85
84,21,22T,Clyde Drexler,22,POR,0.0,1.0,780,0.001,80,31.9,17.2,6.0,5.5,2.2,0.9,0.494,0.216,0.759,7.5,0.141,drexlcl01,1984-85
85,22,22T,Julius Erving,34,PHI,0.0,1.0,780,0.001,78,32.5,20.0,5.3,3.0,1.7,1.4,0.494,0.214,0.765,7.6,0.144,ervinju01,1984-85
86,0,1,Larry Bird,29,BOS,73.0,765.0,780,0.981,82,38.0,25.8,9.8,6.8,2.0,0.6,0.496,0.423,0.896,15.8,0.244,birdla01,1985-86
87,1,2,Dominique Wilkins,26,ATL,5.0,407.0,780,0.522,78,39.1,30.3,7.9,2.6,1.8,0.6,0.468,0.186,0.818,10.8,0.17,wilkido01,1985-86
88,2,3,Magic Johnson,26,LAL,0.0,205.0,780,0.263,72,35.8,18.8,5.9,12.6,1.6,0.2,0.526,0.233,0.871,12.1,0.226,johnsma02,1985-86
89,3,4,Hakeem Olajuwon,23,HOU,0.0,193.0,780,0.247,68,36.3,23.5,11.5,2.0,2.0,3.4,0.526,,0.645,9.5,0.186,olajuha01,1985-86
90,4,5,Kareem Abdul-Jabbar,38,LAL,0.0,135.0,780,0.173,79,33.3,23.4,6.1,3.5,0.8,1.6,0.564,0.0,0.765,10.8,0.197,abdulka01,1985-86
91,5,6,Charles Barkley,22,PHI,0.0,133.0,780,0.171,80,36.9,20.0,12.8,3.9,2.2,1.6,0.572,0.227,0.685,10.8,0.176,barklch01,1985-86
92,6,7,Sidney Moncrief,28,MIL,0.0,56.0,780,0.072,73,35.2,20.2,4.6,4.9,1.4,0.2,0.489,0.32,0.859,11.7,0.219,moncrsi01,1985-86
93,7,8,Alex English,32,DEN,0.0,55.0,780,0.071,81,37.3,29.8,5.0,4.0,0.9,0.4,0.504,0.2,0.862,9.8,0.156,englial01,1985-86
94,8,9,Isiah Thomas,24,DET,0.0,28.0,780,0.036,77,36.2,20.9,3.6,10.8,2.2,0.3,0.488,0.31,0.79,8.8,0.151,thomais01,1985-86
95,9,10,Moses Malone,30,PHI,0.0,21.0,780,0.027,74,36.6,23.8,11.8,1.2,0.9,1.0,0.458,0.0,0.787,8.9,0.157,malonmo01,1985-86
96,10,11,Terry Cummings,24,MIL,0.0,9.0,780,0.012,82,32.5,19.8,8.5,2.4,1.5,0.6,0.474,0.0,0.656,7.4,0.133,cummite01,1985-86
97,11,12,James Worthy,24,LAL,0.0,7.0,780,0.009,75,32.7,20.0,5.2,2.7,1.1,1.0,0.579,0.0,0.771,9.5,0.185,worthja01,1985-86
98,12,13T,Kevin McHale,28,BOS,0.0,3.0,780,0.004,68,35.3,21.3,8.1,2.7,0.4,2.0,0.574,,0.776,11.0,0.22,mchalke01,1985-86
99,13,13T,Paul Pressey,27,MIL,0.0,3.0,780,0.004,80,33.8,14.3,5.0,7.8,2.1,0.9,0.488,0.182,0.806,9.8,0.174,presspa01,1985-86
100,14,13T,Alvin Robertson,23,SAS,0.0,3.0,780,0.004,82,35.1,17.0,6.3,5.5,3.7,0.5,0.514,0.276,0.795,8.6,0.143,roberal01,1985-86
101,15,16T,Adrian Dantley,30,UTA,0.0,2.0,780,0.003,76,36.1,29.8,5.2,3.5,0.8,0.1,0.563,0.091,0.791,12.8,0.223,dantlad01,1985-86
102,16,16T,Buck Williams,25,NJN,0.0,2.0,780,0.003,82,37.4,15.9,12.0,1.6,0.9,1.2,0.523,0.0,0.676,6.8,0.106,willibu01,1985-86
103,17,18,Dennis Johnson,31,BOS,0.0,1.0,780,0.001,78,35.0,15.6,3.4,5.8,1.4,0.4,0.455,0.143,0.818,6.7,0.118,johnsde01,1985-86
104,0,1,Magic Johnson,27,LAL,65.0,733.0,780,0.94,80,36.3,23.9,6.3,12.2,1.7,0.5,0.522,0.205,0.848,15.9,0.263,johnsma02,1986-87
105,1,2,Michael Jordan,23,CHI,10.0,449.0,780,0.576,82,40.0,37.1,5.2,4.6,2.9,1.5,0.482,0.182,0.857,16.9,0.247,jordami01,1986-87
106,2,3,Larry Bird,30,BOS,1.0,271.0,780,0.347,74,40.6,28.1,9.2,7.6,1.8,0.9,0.525,0.4,0.91,15.2,0.243,birdla01,1986-87
107,3,4,Kevin McHale,29,BOS,0.0,254.0,780,0.326,77,39.7,26.1,9.9,2.6,0.5,2.2,0.604,0.0,0.836,14.8,0.232,mchalke01,1986-87
108,4,5,Dominique Wilkins,27,ATL,0.0,128.0,780,0.164,79,37.6,29.0,6.3,3.3,1.5,0.6,0.463,0.292,0.818,12.2,0.197,wilkido01,1986-87
109,5,6,Charles Barkley,23,PHI,1.0,113.0,780,0.145,68,40.3,23.0,14.6,4.9,1.8,1.5,0.594,0.202,0.761,12.0,0.21,barklch01,1986-87
110,6,7,Hakeem Olajuwon,24,HOU,1.0,28.0,780,0.036,75,36.8,23.4,11.4,2.9,1.9,3.4,0.508,0.2,0.702,10.9,0.189,olajuha01,1986-87
111,7,8,Isiah Thomas,25,DET,0.0,17.0,780,0.022,81,37.2,20.6,3.9,10.0,1.9,0.2,0.463,0.194,0.768,7.6,0.121,thomais01,1986-87
112,8,9,Fat Lever,26,DEN,0.0,11.0,780,0.014,82,37.2,18.9,8.9,8.0,2.5,0.4,0.469,0.239,0.782,9.7,0.153,leverfa01,1986-87
113,9,10,Moses Malone,31,WSB,0.0,9.0,780,0.012,73,34.1,24.1,11.3,1.6,0.8,1.3,0.454,0.0,0.824,9.4,0.182,malonmo01,1986-87
114,10,11,Steve Johnson,29,POR,0.0,4.0,780,0.005,79,29.7,16.8,7.2,2.0,0.6,1.0,0.556,,0.698,4.4,0.091,johnsst03,1986-87
115,11,12T,Karl Malone,23,UTA,0.0,3.0,780,0.004,82,34.8,21.7,10.4,1.9,1.3,0.7,0.512,0.0,0.598,6.9,0.116,malonka01,1986-87
116,12,12T,Robert Parish,33,BOS,0.0,3.0,780,0.004,80,37.4,17.5,10.6,2.2,0.8,1.8,0.556,0.0,0.735,9.2,0.147,parisro01,1986-87
117,13,14,Alex English,33,DEN,0.0,2.0,780,0.003,82,37.6,28.6,4.2,5.1,0.9,0.3,0.503,0.267,0.844,8.1,0.126,englial01,1986-87
118,14,15T,Mark Aguirre,27,DAL,0.0,1.0,780,0.001,80,33.3,25.7,5.3,3.2,1.1,0.4,0.495,0.353,0.77,8.9,0.16,aguirma01,1986-87
119,15,15T,Rolando Blackman,27,DAL,0.0,1.0,780,0.001,80,34.5,21.0,3.5,3.3,0.8,0.3,0.495,0.333,0.884,8.0,0.14,blackro01,1986-87
120,16,15T,Joe Barry Carroll,28,GSW,0.0,1.0,780,0.001,81,33.6,21.2,7.3,2.6,1.1,1.5,0.472,,0.787,4.6,0.082,carrojo01,1986-87
121,0,1,Michael Jordan,24,CHI,47.0,665.0,800,0.831,82,40.4,35.0,5.5,5.9,3.2,1.6,0.535,0.132,0.841,21.2,0.308,jordami01,1987-88
122,1,2,Larry Bird,31,BOS,16.0,527.0,800,0.659,76,39.0,29.9,9.3,6.1,1.6,0.8,0.527,0.414,0.916,15.0,0.243,birdla01,1987-88
123,2,3,Magic Johnson,28,LAL,16.0,508.0,800,0.635,72,36.6,19.6,6.2,11.9,1.6,0.2,0.492,0.196,0.853,10.9,0.199,johnsma02,1987-88
124,3,4,Charles Barkley,24,PHI,1.0,109.0,800,0.136,80,39.6,28.3,11.9,3.2,1.3,1.3,0.587,0.28,0.751,16.7,0.253,barklch01,1987-88
125,4,5,Clyde Drexler,25,POR,0.0,86.0,800,0.108,81,37.8,27.0,6.6,5.8,2.5,0.6,0.506,0.212,0.811,13.2,0.207,drexlcl01,1987-88
126,5,6,Dominique Wilkins,28,ATL,0.0,55.0,800,0.069,78,37.8,30.7,6.4,2.9,1.3,0.6,0.464,0.295,0.826,9.8,0.16,wilkido01,1987-88
127,6,7,Hakeem Olajuwon,25,HOU,0.0,40.0,800,0.05,79,35.8,22.8,12.1,2.1,2.1,2.7,0.514,0.0,0.695,10.7,0.182,olajuha01,1987-88
128,7,8,Karl Malone,24,UTA,0.0,36.0,800,0.045,82,39.0,27.7,12.0,2.4,1.4,0.6,0.52,0.0,0.7,10.1,0.152,malonka01,1987-88
129,8,9,Fat Lever,27,DEN,0.0,26.0,800,0.033,82,37.3,18.9,8.1,7.8,2.7,0.3,0.473,0.211,0.785,10.4,0.163,leverfa01,1987-88
130,9,10,John Stockton,25,UTA,0.0,15.0,800,0.019,82,34.7,14.7,2.9,13.8,3.0,0.2,0.574,0.358,0.84,14.1,0.238,stockjo01,1987-88
131,10,11,Alex English,34,DEN,0.0,4.0,800,0.005,80,35.2,25.0,4.7,4.7,0.9,0.3,0.495,0.0,0.828,7.6,0.129,englial01,1987-88
132,11,12,Isiah Thomas,26,DET,0.0,3.0,800,0.004,81,36.1,19.5,3.4,8.4,1.7,0.2,0.463,0.309,0.774,7.6,0.124,thomais01,1987-88
133,12,13,Mark Jackson,22,NYK,0.0,2.0,800,0.003,82,39.6,13.6,4.8,10.6,2.5,0.1,0.432,0.254,0.774,7.6,0.113,jacksma01,1987-88
134,13,14T,Michael Adams,25,DEN,0.0,1.0,800,0.001,82,33.9,13.9,2.7,6.1,2.0,0.2,0.449,0.367,0.834,7.5,0.13,adamsmi01,1987-88
135,14,14T,Mark Aguirre,28,DAL,0.0,1.0,800,0.001,77,33.9,25.1,5.6,3.6,0.9,0.7,0.475,0.302,0.77,8.8,0.163,aguirma01,1987-88
136,15,14T,Adrian Dantley,32,DET,0.0,1.0,800,0.001,69,31.1,20.0,3.3,2.5,0.6,0.1,0.514,0.0,0.86,9.4,0.21,dantlad01,1987-88
137,16,14T,Buck Williams,27,NJN,0.0,1.0,800,0.001,70,37.7,18.3,11.9,1.6,1.0,0.6,0.56,1.0,0.668,7.6,0.138,willibu01,1987-88
138,0,1,Magic Johnson,29,LAL,42.5,664.5,850,0.782,77,37.5,22.5,7.9,12.8,1.8,0.3,0.509,0.314,0.911,16.1,0.267,johnsma02,1988-89
139,1,2,Michael Jordan,25,CHI,27.5,598.8,850,0.704,81,40.2,32.5,8.0,8.0,2.9,0.8,0.538,0.276,0.85,19.8,0.292,jordami01,1988-89
140,2,3,Karl Malone,25,UTA,5.0,362.0,850,0.426,80,39.1,29.1,10.7,2.7,1.8,0.9,0.519,0.313,0.766,15.2,0.233,malonka01,1988-89
141,3,4,Patrick Ewing,26,NYK,8.0,200.0,850,0.235,80,36.2,22.7,9.3,2.4,1.5,3.5,0.567,0.0,0.746,10.9,0.181,ewingpa01,1988-89
142,4,5,Hakeem Olajuwon,26,HOU,2.0,179.3,850,0.211,82,36.9,24.8,13.5,1.8,2.6,3.4,0.508,0.0,0.696,12.4,0.197,olajuha01,1988-89
143,5,6,Charles Barkley,25,PHI,0.0,94.3,850,0.111,79,39.1,25.8,12.5,4.1,1.6,0.8,0.579,0.216,0.753,16.1,0.25,barklch01,1988-89
144,6,7,John Stockton,26,UTA,0.0,28.0,850,0.033,82,38.7,17.1,3.0,13.6,3.2,0.2,0.538,0.242,0.863,15.6,0.236,stockjo01,1988-89
145,7,8,Kevin Johnson,22,PHO,0.0,22.0,850,0.026,81,39.2,20.4,4.2,12.2,1.7,0.3,0.505,0.091,0.882,12.2,0.184,johnske02,1988-89
146,8,9,Tom Chambers,29,PHO,0.0,20.0,850,0.024,81,37.1,25.7,8.4,2.9,1.1,0.7,0.471,0.326,0.851,9.2,0.146,chambto01,1988-89
147,9,10,Mark Price,24,CLE,0.0,18.0,850,0.021,75,36.4,18.9,3.0,8.4,1.5,0.1,0.526,0.441,0.901,11.3,0.199,pricema01,1988-89
148,10,11T,Brad Daugherty,23,CLE,0.0,4.0,850,0.005,78,36.2,18.9,9.2,3.7,0.8,0.5,0.538,0.333,0.737,9.6,0.164,daughbr01,1988-89
149,11,11T,Robert Parish,35,BOS,0.0,4.0,850,0.005,80,35.5,18.6,12.5,2.2,1.0,1.5,0.57,,0.719,10.5,0.177,parisro01,1988-89
150,12,13T,Mark Eaton,32,UTA,0.0,3.0,850,0.004,82,35.5,6.2,10.3,1.0,0.5,3.8,0.462,,0.66,6.6,0.108,eatonma01,1988-89
151,13,13T,Moses Malone,33,ATL,0.0,3.0,850,0.004,81,35.5,20.2,11.8,1.4,1.0,1.2,0.491,0.0,0.789,10.7,0.178,malonmo01,1988-89
152,14,13T,Chris Mullin,25,GSW,0.0,3.0,850,0.004,82,37.7,26.5,5.9,5.1,2.1,0.5,0.509,0.23,0.892,10.6,0.165,mullich01,1988-89
153,15,13T,Larry Nance,29,CLE,0.0,3.0,850,0.004,73,34.6,17.2,8.0,2.2,0.8,2.8,0.539,0.0,0.799,10.3,0.197,nancela01,1988-89
154,16,17T,Terry Cummings,27,MIL,0.0,1.0,850,0.001,80,35.3,22.9,8.1,2.5,1.3,0.9,0.467,0.467,0.787,7.7,0.131,cummite01,1988-89
155,17,17T,Joe Dumars,25,DET,0.0,1.0,850,0.001,69,34.9,17.2,2.5,5.7,0.9,0.1,0.505,0.483,0.85,7.0,0.14,dumarjo01,1988-89
156,18,17T,Isiah Thomas,27,DET,0.0,1.0,850,0.001,80,36.6,18.2,3.4,8.3,1.7,0.3,0.464,0.273,0.818,7.0,0.115,thomais01,1988-89
157,0,1,Magic Johnson,30,LAL,27.0,636.0,920,0.691,79,37.2,22.3,6.6,11.5,1.7,0.4,0.48,0.384,0.89,16.5,0.27,johnsma02,1989-90
158,1,2,Charles Barkley,26,PHI,38.0,614.0,920,0.667,79,39.1,25.2,11.5,3.9,1.9,0.6,0.6,0.217,0.749,17.3,0.269,barklch01,1989-90
159,2,3,Michael Jordan,26,CHI,21.0,564.0,920,0.613,82,39.0,33.6,6.9,6.3,2.8,0.7,0.526,0.376,0.848,19.0,0.285,jordami01,1989-90
160,3,4,Karl Malone,26,UTA,2.0,214.0,920,0.233,82,38.1,31.0,11.1,2.8,1.5,0.6,0.562,0.372,0.762,15.9,0.245,malonka01,1989-90
161,4,5,Patrick Ewing,27,NYK,1.0,162.0,920,0.176,82,38.6,28.6,10.9,2.2,1.0,4.0,0.551,0.25,0.775,13.5,0.205,ewingpa01,1989-90
162,5,6,David Robinson,24,SAS,2.0,102.0,920,0.111,82,36.6,24.3,12.0,2.0,1.7,3.9,0.531,0.0,0.732,15.1,0.241,robinda01,1989-90
163,6,7,Hakeem Olajuwon,27,HOU,1.0,64.0,920,0.07,82,38.1,24.3,14.0,2.9,2.1,4.6,0.501,0.167,0.713,11.2,0.173,olajuha01,1989-90
164,7,8,Tom Chambers,30,PHO,0.0,12.0,920,0.013,81,37.6,27.2,7.0,2.3,1.1,0.6,0.501,0.279,0.861,11.2,0.176,chambto01,1989-90
165,8,9,John Stockton,27,UTA,0.0,9.0,920,0.01,78,37.4,17.2,2.6,14.5,2.7,0.2,0.514,0.416,0.819,14.4,0.238,stockjo01,1989-90
166,9,10T,Larry Bird,33,BOS,0.0,5.0,920,0.005,75,39.3,24.3,9.5,7.5,1.4,0.8,0.473,0.333,0.93,9.5,0.154,birdla01,1989-90
167,10,10T,Buck Williams,29,POR,0.0,5.0,920,0.005,82,34.2,13.6,9.8,1.4,0.8,0.5,0.548,0.0,0.706,8.7,0.149,willibu01,1989-90
168,11,12,Clyde Drexler,27,POR,0.0,3.0,920,0.003,73,36.8,23.3,6.9,5.9,2.0,0.7,0.494,0.283,0.774,11.6,0.208,drexlcl01,1989-90
169,12,13T,Joe Dumars,26,DET,0.0,1.0,920,0.001,75,34.4,17.8,2.8,4.9,0.8,0.0,0.48,0.4,0.9,8.7,0.162,dumarjo01,1989-90
170,13,13T,Isiah Thomas,28,DET,0.0,1.0,920,0.001,81,37.0,18.4,3.8,9.4,1.7,0.2,0.438,0.309,0.775,6.7,0.107,thomais01,1989-90
171,0,1,Michael Jordan,27,CHI,77.0,891.0,960,0.928,82,37.0,31.5,6.0,5.5,2.7,1.0,0.539,0.312,0.851,20.3,0.321,jordami01,1990-91
172,1,2,Magic Johnson,31,LAL,10.0,497.0,960,0.518,79,37.1,19.4,7.0,12.5,1.3,0.2,0.477,0.32,0.906,15.4,0.251,johnsma02,1990-91
173,2,3,David Robinson,25,SAS,6.0,476.0,960,0.496,82,37.7,25.6,13.0,2.5,1.5,3.9,0.552,0.143,0.762,17.0,0.264,robinda01,1990-91
174,3,4,Charles Barkley,27,PHI,2.0,222.0,960,0.231,67,37.3,27.6,10.1,4.2,1.6,0.5,0.57,0.284,0.722,13.4,0.258,barklch01,1990-91
175,4,5,Karl Malone,27,UTA,0.0,142.0,960,0.148,82,40.3,29.0,11.8,3.3,1.1,1.0,0.527,0.286,0.77,15.5,0.225,malonka01,1990-91
176,5,6,Clyde Drexler,28,POR,1.0,75.0,960,0.078,82,34.8,21.5,6.7,6.0,1.8,0.7,0.482,0.319,0.794,12.4,0.209,drexlcl01,1990-91
177,6,7,Kevin Johnson,24,PHO,0.0,32.0,960,0.033,77,36.0,22.2,3.5,10.1,2.1,0.1,0.516,0.205,0.843,12.7,0.22,johnske02,1990-91
178,7,8,Dominique Wilkins,31,ATL,0.0,29.0,960,0.03,81,38.0,25.9,9.0,3.3,1.5,0.8,0.47,0.341,0.829,11.4,0.177,wilkido01,1990-91
179,8,9T,Larry Bird,34,BOS,0.0,25.0,960,0.026,60,38.0,19.4,8.5,7.2,1.8,1.0,0.454,0.389,0.891,6.6,0.14,birdla01,1990-91
180,9,9T,Terry Porter,27,POR,0.0,25.0,960,0.026,81,32.9,17.0,3.5,8.0,2.0,0.1,0.515,0.415,0.823,13.0,0.235,portete01,1990-91
181,10,11,Patrick Ewing,28,NYK,0.0,20.0,960,0.021,81,38.3,26.6,11.2,3.0,1.0,3.2,0.514,0.0,0.745,10.0,0.155,ewingpa01,1990-91
182,11,12,John Stockton,28,UTA,0.0,15.0,960,0.016,82,37.8,17.2,2.9,14.2,2.9,0.2,0.507,0.345,0.836,14.0,0.217,stockjo01,1990-91
183,12,13,Isiah Thomas,29,DET,0.0,11.0,960,0.011,48,34.5,16.2,3.3,9.3,1.6,0.2,0.435,0.292,0.782,3.4,0.098,thomais01,1990-91
184,13,14,Robert Parish,37,BOS,0.0,10.0,960,0.01,81,30.1,14.9,10.6,0.8,0.8,1.3,0.598,0.0,0.767,10.0,0.198,parisro01,1990-91
185,14,15,Joe Dumars,27,DET,0.0,8.0,960,0.008,80,38.1,20.4,2.3,5.5,1.1,0.1,0.481,0.311,0.89,9.9,0.155,dumarjo01,1990-91
186,15,16,Bernard King,34,WSB,0.0,7.0,960,0.007,64,37.5,28.4,5.0,4.6,0.9,0.3,0.472,0.216,0.79,3.5,0.07,kingbe01,1990-91
187,16,17,Kenny Smith,25,HOU,0.0,5.0,960,0.005,78,34.6,17.7,2.1,7.1,1.4,0.1,0.52,0.363,0.844,9.0,0.161,smithke01,1990-91
188,17,18,Hakeem Olajuwon,28,HOU,0.0,4.0,960,0.004,56,36.8,21.2,13.8,2.3,2.2,3.9,0.508,0.0,0.769,8.6,0.201,olajuha01,1990-91
189,18,19T,Tim Hardaway,24,GSW,0.0,1.0,960,0.001,82,39.2,22.9,4.0,9.7,2.6,0.1,0.476,0.385,0.803,9.9,0.148,hardati01,1990-91
190,19,19T,Kevin McHale,33,BOS,0.0,1.0,960,0.001,68,30.4,18.4,7.1,1.9,0.4,2.1,0.553,0.405,0.829,7.9,0.182,mchalke01,1990-91
191,0,1,Michael Jordan,28,CHI,80.0,900.0,960,0.938,80,38.8,30.1,6.4,6.1,2.3,0.9,0.519,0.27,0.832,17.7,0.274,jordami01,1991-92
192,1,2,Clyde Drexler,29,POR,12.0,561.0,960,0.584,76,36.2,25.0,6.6,6.7,1.8,0.9,0.47,0.337,0.794,12.8,0.223,drexlcl01,1991-92
193,2,3,David Robinson,26,SAS,2.0,337.0,960,0.351,68,37.7,23.2,12.2,2.7,2.3,4.5,0.551,0.125,0.701,13.9,0.26,robinda01,1991-92
194,3,4,Karl Malone,28,UTA,1.0,262.0,960,0.273,81,37.7,28.0,11.2,3.0,1.3,0.6,0.526,0.176,0.778,15.1,0.237,malonka01,1991-92
195,4,5,Patrick Ewing,29,NYK,0.0,100.0,960,0.104,82,38.4,24.0,11.2,1.9,1.1,3.0,0.522,0.167,0.738,13.0,0.198,ewingpa01,1991-92
196,5,6,Chris Mullin,28,GSW,0.0,81.0,960,0.084,81,41.3,25.6,5.6,3.5,2.1,0.8,0.524,0.366,0.833,10.8,0.155,mullich01,1991-92
197,6,7,Mark Price,27,CLE,0.0,66.0,960,0.069,72,29.7,17.3,2.4,7.4,1.3,0.2,0.488,0.387,0.947,9.1,0.205,pricema01,1991-92
198,7,8,Tim Hardaway,25,GSW,0.0,64.0,960,0.067,81,41.1,23.4,3.8,10.0,2.0,0.2,0.461,0.338,0.766,9.2,0.132,hardati01,1991-92
199,8,9,Scottie Pippen,26,CHI,1.0,32.0,960,0.033,82,38.6,21.0,7.7,7.0,1.9,1.1,0.506,0.2,0.76,12.7,0.192,pippesc01,1991-92
200,9,10,Dennis Rodman,30,DET,0.0,26.0,960,0.027,82,40.3,9.8,18.7,2.3,0.8,0.9,0.539,0.317,0.6,12.6,0.183,rodmade01,1991-92
201,10,11,Brad Daugherty,26,CLE,0.0,24.0,960,0.025,73,36.2,21.5,10.4,3.6,0.9,1.1,0.57,0.0,0.777,11.7,0.213,daughbr01,1991-92
202,11,12T,Charles Barkley,28,PHI,0.0,18.0,960,0.019,75,38.4,23.1,11.1,4.1,1.8,0.6,0.552,0.234,0.695,12.3,0.205,barklch01,1991-92
203,12,12T,John Stockton,29,UTA,0.0,18.0,960,0.019,82,36.6,15.8,3.3,13.7,3.0,0.3,0.482,0.407,0.842,13.4,0.215,stockjo01,1991-92
204,13,14,Larry Bird,35,BOS,0.0,3.0,960,0.003,45,36.9,20.2,9.6,6.8,0.9,0.7,0.466,0.406,0.926,5.5,0.159,birdla01,1991-92
205,14,15,Kevin Johnson,25,PHO,0.0,2.0,960,0.002,78,37.2,19.7,3.7,10.7,1.5,0.3,0.479,0.217,0.807,10.0,0.165,johnske02,1991-92
206,15,16T,Danny Manning,25,LAC,0.0,1.0,960,0.001,82,35.4,19.3,6.9,3.5,1.6,1.5,0.542,0.0,0.725,9.8,0.162,mannida01,1991-92
207,16,16T,Detlef Schrempf,29,IND,0.0,1.0,960,0.001,80,32.6,17.3,9.6,3.9,0.8,0.5,0.536,0.324,0.828,9.8,0.181,schrede01,1991-92
208,0,1,Charles Barkley,29,PHO,59.0,835.0,980,0.852,76,37.6,25.6,12.2,5.1,1.6,1.0,0.52,0.305,0.765,14.4,0.242,barklch01,1992-93
209,1,2,Hakeem Olajuwon,30,HOU,22.0,647.0,980,0.66,82,39.5,26.1,13.0,3.5,1.8,4.2,0.529,0.0,0.779,15.8,0.234,olajuha01,1992-93
210,2,3,Michael Jordan,29,CHI,13.0,565.0,980,0.577,78,39.3,32.6,6.7,5.5,2.8,0.8,0.495,0.352,0.837,17.2,0.27,jordami01,1992-93
211,3,4,Patrick Ewing,30,NYK,4.0,359.0,980,0.366,81,37.1,24.2,12.1,1.9,0.9,2.0,0.503,0.143,0.719,10.6,0.17,ewingpa01,1992-93
212,4,5,Dominique Wilkins,33,ATL,0.0,54.0,980,0.055,71,37.3,29.9,6.8,3.2,1.0,0.4,0.468,0.38,0.828,10.5,0.191,wilkido01,1992-93
213,5,6,David Robinson,27,SAS,0.0,33.0,980,0.034,82,39.2,23.4,11.7,3.7,1.5,3.2,0.501,0.176,0.732,13.2,0.197,robinda01,1992-93
214,6,7,Shaquille O'Neal,20,ORL,0.0,30.0,980,0.031,81,37.9,23.4,13.9,1.9,0.7,3.5,0.562,0.0,0.592,10.4,0.163,onealsh01,1992-93
215,7,8T,Karl Malone,29,UTA,0.0,10.0,980,0.01,82,37.8,27.0,11.2,3.8,1.5,1.0,0.552,0.2,0.74,15.4,0.238,malonka01,1992-93
216,8,8T,Mark Price,28,CLE,0.0,10.0,980,0.01,75,31.7,18.2,2.7,8.0,1.2,0.1,0.484,0.416,0.948,9.8,0.197,pricema01,1992-93
217,9,10T,Brad Daugherty,27,CLE,0.0,1.0,980,0.001,71,37.9,20.2,10.2,4.4,0.7,0.8,0.571,0.5,0.795,12.7,0.226,daughbr01,1992-93
218,10,10T,Clyde Drexler,30,POR,0.0,1.0,980,0.001,49,34.1,19.9,6.3,5.7,1.9,0.8,0.429,0.233,0.839,6.0,0.171,drexlcl01,1992-93
219,11,10T,Joe Dumars,29,DET,0.0,1.0,980,0.001,77,40.2,23.5,1.9,4.0,1.0,0.1,0.466,0.375,0.864,9.1,0.141,dumarjo01,1992-93
220,12,10T,Shawn Kemp,23,SEA,0.0,1.0,980,0.001,78,33.1,17.8,10.7,2.0,1.5,1.9,0.492,0.0,0.712,9.1,0.169,kempsh01,1992-93
221,13,10T,John Stockton,30,UTA,0.0,1.0,980,0.001,82,34.9,15.1,2.9,12.0,2.4,0.3,0.486,0.385,0.798,10.6,0.177,stockjo01,1992-93
222,0,1,Hakeem Olajuwon,31,HOU,66.0,889.0,1010,0.88,80,41.0,27.3,11.9,3.6,1.6,3.7,0.528,0.421,0.716,14.3,0.21,olajuha01,1993-94
223,1,2,David Robinson,28,SAS,24.0,730.0,1010,0.723,80,40.5,29.8,10.7,4.8,1.7,3.3,0.507,0.345,0.749,20.0,0.296,robinda01,1993-94
224,2,3,Scottie Pippen,28,CHI,7.0,390.0,1010,0.386,72,38.3,22.0,8.7,5.6,2.9,0.8,0.491,0.32,0.66,11.2,0.194,pippesc01,1993-94
225,3,4,Shaquille O'Neal,21,ORL,3.0,289.0,1010,0.286,81,39.8,29.3,13.2,2.4,0.9,2.9,0.599,0.0,0.554,16.9,0.252,onealsh01,1993-94
226,4,5,Patrick Ewing,31,NYK,1.0,255.0,1010,0.252,79,37.6,24.5,11.2,2.3,1.1,2.7,0.496,0.286,0.765,13.1,0.211,ewingpa01,1993-94
227,5,6,Gary Payton,25,SEA,0.0,20.0,1010,0.02,82,35.1,16.5,3.3,6.0,2.3,0.2,0.504,0.278,0.595,9.3,0.155,paytoga01,1993-94
228,6,7T,Shawn Kemp,24,SEA,0.0,17.0,1010,0.017,79,32.9,18.1,10.8,2.6,1.8,2.1,0.538,0.25,0.741,11.7,0.216,kempsh01,1993-94
229,7,7T,Karl Malone,30,UTA,0.0,17.0,1010,0.017,82,40.6,25.2,11.5,4.0,1.5,1.5,0.497,0.25,0.694,13.4,0.193,malonka01,1993-94
230,8,9,Mark Price,29,CLE,0.0,7.0,1010,0.007,76,31.4,17.3,3.0,7.8,1.4,0.1,0.478,0.397,0.888,10.0,0.201,pricema01,1993-94
231,9,10,Charles Barkley,30,PHO,0.0,5.0,1010,0.005,65,35.4,21.6,11.2,4.6,1.6,0.6,0.495,0.27,0.704,8.8,0.185,barklch01,1993-94
232,10,11T,Mookie Blaylock,26,ATL,0.0,1.0,1010,0.001,81,36.0,13.8,5.2,9.7,2.6,0.5,0.411,0.334,0.73,10.2,0.168,blaylmo01,1993-94
233,11,11T,Kevin Johnson,27,PHO,0.0,1.0,1010,0.001,67,36.6,20.0,2.5,9.5,1.9,0.1,0.487,0.222,0.819,8.7,0.17,johnske02,1993-94
234,12,11T,Dennis Rodman,32,SAS,0.0,1.0,1010,0.001,79,37.8,4.7,17.3,2.3,0.7,0.4,0.534,0.208,0.52,8.7,0.14,rodmade01,1993-94
235,13,11T,Latrell Sprewell,23,GSW,0.0,1.0,1010,0.001,82,43.1,21.0,4.9,4.7,2.2,0.9,0.433,0.361,0.774,8.0,0.108,sprewla01,1993-94
236,14,11T,John Stockton,31,UTA,0.0,1.0,1010,0.001,82,36.2,15.1,3.1,12.6,2.4,0.3,0.528,0.322,0.805,13.2,0.214,stockjo01,1993-94
237,15,11T,Dominique Wilkins,34,TOT,0.0,1.0,1010,0.001,74,35.6,26.0,6.5,2.3,1.2,0.4,0.44,0.288,0.847,8.4,0.153,wilkido01,1993-94
238,16,11T,Kevin Willis,31,ATL,0.0,1.0,1010,0.001,80,35.8,19.1,12.0,1.9,1.0,0.5,0.499,0.375,0.713,10.2,0.17,willike02,1993-94
239,0,1,David Robinson,29,SAS,73.0,901.0,1050,0.858,81,38.0,27.6,10.8,2.9,1.7,3.2,0.53,0.3,0.774,17.5,0.273,robinda01,1994-95
240,1,2,Shaquille O'Neal,22,ORL,12.0,605.0,1050,0.576,79,37.0,29.3,11.4,2.7,0.9,2.4,0.583,0.0,0.533,14.0,0.23,onealsh01,1994-95
241,2,3,Karl Malone,31,UTA,14.0,532.0,1050,0.507,82,38.1,26.7,10.6,3.5,1.6,1.0,0.536,0.268,0.742,13.8,0.212,malonka01,1994-95
242,3,4,Patrick Ewing,32,NYK,2.0,230.0,1050,0.219,79,37.0,23.9,11.0,2.7,0.9,2.0,0.503,0.286,0.75,9.6,0.157,ewingpa01,1994-95
243,4,5,Hakeem Olajuwon,32,HOU,1.0,147.0,1050,0.14,72,39.6,27.8,10.8,3.5,1.8,3.4,0.517,0.188,0.756,10.7,0.181,olajuha01,1994-95
244,5,6,Charles Barkley,31,PHO,1.0,96.0,1050,0.091,68,35.0,23.0,11.1,4.1,1.6,0.7,0.486,0.338,0.748,10.6,0.214,barklch01,1994-95
245,6,7,Scottie Pippen,29,CHI,1.0,83.0,1050,0.079,79,38.2,21.4,8.1,5.2,2.9,1.1,0.48,0.345,0.716,11.8,0.188,pippesc01,1994-95
246,7,8,John Stockton,32,UTA,1.0,47.0,1050,0.045,82,35.0,14.7,3.1,12.3,2.4,0.3,0.542,0.449,0.804,13.9,0.233,stockjo01,1994-95
247,8,9,Gary Payton,26,SEA,0.0,34.0,1050,0.032,82,36.8,20.6,3.4,7.1,2.5,0.2,0.509,0.302,0.716,11.7,0.187,paytoga01,1994-95
248,9,10,Anfernee Hardaway,23,ORL,0.0,23.0,1050,0.022,77,37.7,20.9,4.4,7.2,1.7,0.3,0.512,0.349,0.769,10.7,0.177,hardaan01,1994-95
249,10,11,Michael Jordan,31,CHI,0.0,12.0,1050,0.011,17,39.3,26.9,6.9,5.3,1.8,0.8,0.411,0.5,0.801,2.3,0.167,jordami01,1994-95
250,11,12,Dennis Rodman,33,SAS,0.0,9.0,1050,0.009,49,32.0,7.1,16.8,2.0,0.6,0.5,0.571,0.0,0.676,5.8,0.178,rodmade01,1994-95
251,12,13,Jason Kidd,21,DAL,0.0,7.0,1050,0.007,79,33.8,11.7,5.4,7.7,1.9,0.3,0.385,0.272,0.698,3.7,0.066,kiddja01,1994-95
252,13,14,Clyde Drexler,32,TOT,0.0,3.0,1050,0.003,76,35.9,21.8,6.3,4.8,1.8,0.6,0.461,0.36,0.824,11.7,0.206,drexlcl01,1994-95
253,14,15,Cedric Ceballos,25,LAL,0.0,1.0,1050,0.001,58,35.0,21.7,8.0,1.8,1.0,0.3,0.509,0.397,0.716,5.2,0.123,cebalce01,1994-95
254,0,1,Michael Jordan,32,CHI,109.0,1114.0,1130,0.986,82,37.7,30.4,6.6,4.3,2.2,0.5,0.495,0.427,0.834,20.4,0.317,jordami01,1995-96
255,1,2,David Robinson,30,SAS,0.0,574.0,1130,0.508,82,36.8,25.0,12.2,3.0,1.4,3.3,0.516,0.333,0.761,18.3,0.29,robinda01,1995-96
256,2,3,Anfernee Hardaway,24,ORL,2.0,360.0,1130,0.319,82,36.8,21.7,4.3,7.1,2.0,0.5,0.513,0.314,0.767,14.4,0.229,hardaan01,1995-96
257,3,4,Hakeem Olajuwon,33,HOU,1.0,238.0,1130,0.211,72,38.8,26.9,10.9,3.6,1.6,2.9,0.514,0.214,0.724,9.7,0.166,olajuha01,1995-96
258,4,5,Scottie Pippen,30,CHI,0.0,226.0,1130,0.2,77,36.7,19.4,6.4,5.9,1.7,0.7,0.463,0.374,0.679,12.3,0.209,pippesc01,1995-96
259,5,6,Gary Payton,27,SEA,0.0,98.0,1130,0.087,81,39.0,19.3,4.2,7.5,2.9,0.2,0.484,0.328,0.748,11.5,0.174,paytoga01,1995-96
260,6,7,Karl Malone,32,UTA,1.0,85.0,1130,0.075,82,38.0,25.7,9.8,4.2,1.7,0.7,0.519,0.4,0.723,15.1,0.233,malonka01,1995-96
261,7,8,Shawn Kemp,26,SEA,0.0,73.0,1130,0.065,79,33.3,19.6,11.4,2.2,1.2,1.6,0.561,0.417,0.742,11.2,0.205,kempsh01,1995-96
262,8,9T,Grant Hill,23,DET,0.0,63.0,1130,0.056,80,40.8,20.2,9.8,6.9,1.3,0.6,0.462,0.192,0.751,11.7,0.172,hillgr01,1995-96
263,9,9T,Shaquille O'Neal,23,ORL,0.0,63.0,1130,0.056,54,36.0,26.6,11.0,2.9,0.6,2.1,0.573,0.5,0.487,6.9,0.171,onealsh01,1995-96
264,10,11,John Stockton,33,UTA,0.0,12.0,1130,0.011,82,35.5,14.7,2.8,11.2,1.7,0.2,0.538,0.422,0.83,13.0,0.214,stockjo01,1995-96
265,11,12T,Charles Barkley,32,PHO,0.0,8.0,1130,0.007,71,37.1,23.2,11.6,3.7,1.6,0.8,0.5,0.28,0.777,10.5,0.191,barklch01,1995-96
266,12,12T,Magic Johnson,36,LAL,0.0,8.0,1130,0.007,32,29.9,14.6,5.7,6.9,0.8,0.4,0.466,0.379,0.856,3.6,0.181,johnsma02,1995-96
267,13,14,Alonzo Mourning,25,MIA,0.0,6.0,1130,0.005,70,38.2,23.2,10.4,2.3,1.0,2.7,0.523,0.3,0.685,9.9,0.178,mournal01,1995-96
268,14,15,Dennis Rodman,34,CHI,0.0,4.0,1130,0.004,64,32.6,5.5,14.9,2.5,0.6,0.4,0.48,0.111,0.528,6.2,0.143,rodmade01,1995-96
269,15,16T,Terrell Brandon,25,CLE,0.0,3.0,1130,0.003,75,34.3,19.3,3.3,6.5,1.8,0.4,0.465,0.387,0.887,12.7,0.237,brandte01,1995-96
270,16,16T,Mitch Richmond,30,SAC,0.0,3.0,1130,0.003,81,36.4,23.1,3.3,3.1,1.5,0.2,0.447,0.437,0.866,9.3,0.151,richmmi01,1995-96
271,0,1,Karl Malone,33,UTA,63.0,986.0,1150,0.857,82,36.6,27.4,9.9,4.5,1.4,0.6,0.55,0.0,0.755,16.7,0.268,malonka01,1996-97
272,1,2,Michael Jordan,33,CHI,52.0,957.0,1150,0.832,82,37.9,29.6,5.9,4.3,1.7,0.5,0.486,0.374,0.833,18.3,0.283,jordami01,1996-97
273,2,3,Grant Hill,24,DET,0.0,376.0,1150,0.327,80,39.3,21.4,9.0,7.3,1.8,0.6,0.496,0.303,0.711,14.6,0.223,hillgr01,1996-97
274,3,4,Tim Hardaway,30,MIA,0.0,238.0,1150,0.207,81,38.7,20.3,3.4,8.6,1.9,0.1,0.415,0.344,0.799,12.9,0.198,hardati01,1996-97
275,4,5,Glen Rice,29,CHH,0.0,134.0,1150,0.117,79,42.6,26.8,4.0,2.0,0.9,0.3,0.477,0.47,0.867,10.8,0.154,ricegl01,1996-97
276,5,6,Gary Payton,28,SEA,0.0,105.0,1150,0.091,82,39.2,21.8,4.6,7.1,2.4,0.2,0.476,0.313,0.715,12.9,0.193,paytoga01,1996-97
277,6,7,Hakeem Olajuwon,34,HOU,0.0,95.0,1150,0.083,78,36.6,23.2,9.2,3.0,1.5,2.2,0.51,0.313,0.787,9.1,0.154,olajuha01,1996-97
278,7,8,Patrick Ewing,34,NYK,0.0,57.0,1150,0.05,78,37.0,22.4,10.7,2.0,0.9,2.4,0.488,0.222,0.754,9.8,0.163,ewingpa01,1996-97
279,8,9T,Anthony Mason,30,CHH,0.0,7.0,1150,0.006,73,43.1,16.2,11.4,5.7,1.0,0.5,0.525,0.333,0.745,11.4,0.173,masonan01,1996-97
280,9,9T,Shaquille O'Neal,24,LAL,0.0,7.0,1150,0.006,51,38.1,26.2,12.5,3.1,0.9,2.9,0.557,0.0,0.484,8.0,0.197,onealsh01,1996-97
281,10,11,Scottie Pippen,31,CHI,0.0,6.0,1150,0.005,82,37.7,20.2,6.5,5.7,1.9,0.5,0.474,0.368,0.701,13.1,0.203,pippesc01,1996-97
282,11,12,Alonzo Mourning,26,MIA,0.0,5.0,1150,0.004,66,35.2,19.8,9.9,1.6,0.8,2.9,0.534,0.111,0.642,8.4,0.174,mournal01,1996-97
283,12,13T,Dikembe Mutombo,30,ATL,0.0,4.0,1150,0.003,80,37.2,13.3,11.6,1.4,0.6,3.3,0.527,,0.705,11.3,0.183,mutomdi01,1996-97
284,13,13T,Mitch Richmond,31,SAC,0.0,4.0,1150,0.003,81,38.6,25.9,3.9,4.2,1.5,0.3,0.454,0.428,0.861,10.8,0.166,richmmi01,1996-97
285,14,15,John Stockton,34,UTA,0.0,3.0,1150,0.003,82,35.3,14.4,2.8,10.5,2.0,0.2,0.548,0.422,0.846,13.6,0.226,stockjo01,1996-97
286,15,16,Charles Barkley,33,HOU,0.0,2.0,1150,0.002,53,37.9,19.2,13.5,4.7,1.3,0.5,0.484,0.283,0.694,9.4,0.224,barklch01,1996-97
287,16,17T,Tom Gugliotta,27,MIN,0.0,1.0,1150,0.001,81,38.7,20.6,8.7,4.1,1.6,1.1,0.442,0.258,0.82,6.7,0.103,guglito01,1996-97
288,17,17T,Allen Iverson,21,PHI,0.0,1.0,1150,0.001,76,40.1,23.5,4.1,7.5,2.1,0.3,0.416,0.341,0.702,4.1,0.065,iversal01,1996-97
289,18,17T,Kevin Johnson,30,PHO,0.0,1.0,1150,0.001,70,38.0,20.1,3.6,9.3,1.5,0.2,0.496,0.441,0.852,11.7,0.211,johnske02,1996-97
290,19,17T,Steve Smith,27,ATL,0.0,1.0,1150,0.001,72,39.1,20.1,3.3,4.2,0.9,0.3,0.429,0.335,0.847,9.1,0.154,smithst01,1996-97
291,0,1,Michael Jordan,34,CHI,92.0,1084.0,1160,0.934,82,38.8,28.7,5.8,3.5,1.7,0.5,0.465,0.238,0.784,15.8,0.238,jordami01,1997-98
292,1,2,Karl Malone,34,UTA,20.0,842.0,1160,0.726,81,37.4,27.0,10.3,3.9,1.2,0.9,0.53,0.333,0.761,16.4,0.259,malonka01,1997-98
293,2,3,Gary Payton,29,SEA,3.0,431.0,1160,0.372,82,38.4,19.2,4.6,8.3,2.3,0.2,0.453,0.338,0.744,12.5,0.19,paytoga01,1997-98
294,3,4,Shaquille O'Neal,25,LAL,1.0,311.0,1160,0.268,60,36.3,28.3,11.4,2.4,0.7,2.4,0.584,,0.527,10.2,0.224,onealsh01,1997-98
295,4,5,Tim Duncan,21,SAS,0.0,148.0,1160,0.128,82,39.1,21.1,11.9,2.7,0.7,2.5,0.549,0.0,0.662,12.8,0.192,duncati01,1997-98
296,5,6,Tim Hardaway,31,MIA,0.0,71.0,1160,0.061,81,37.4,18.9,3.7,8.3,1.7,0.2,0.431,0.351,0.781,11.7,0.185,hardati01,1997-98
297,6,7,David Robinson,32,SAS,0.0,36.0,1160,0.031,73,33.7,21.6,10.6,2.7,0.9,2.6,0.511,0.25,0.735,13.8,0.269,robinda01,1997-98
298,7,8,Vin Baker,26,SEA,0.0,24.0,1160,0.021,82,35.9,19.2,8.0,1.9,1.1,1.0,0.542,0.143,0.591,10.4,0.169,bakervi01,1997-98
299,8,9,Grant Hill,25,DET,0.0,23.0,1160,0.02,81,40.7,21.1,7.7,6.8,1.8,0.7,0.452,0.143,0.74,10.2,0.149,hillgr01,1997-98
300,9,10,Scottie Pippen,32,CHI,0.0,14.0,1160,0.012,44,37.5,19.1,5.2,5.8,1.8,1.0,0.447,0.318,0.777,6.6,0.193,pippesc01,1997-98
301,10,11,Glen Rice,30,CHH,0.0,7.0,1160,0.006,82,40.2,22.3,4.3,2.2,0.9,0.3,0.457,0.433,0.849,9.3,0.136,ricegl01,1997-98
302,11,12,Antoine Walker,21,BOS,0.0,6.0,1160,0.005,82,39.9,22.4,10.2,3.3,1.7,0.7,0.423,0.312,0.645,4.7,0.07,walkean02,1997-98
303,12,13T,Jason Kidd,24,PHO,0.0,5.0,1160,0.004,82,38.0,11.6,6.2,9.1,2.0,0.3,0.416,0.313,0.799,8.0,0.123,kiddja01,1997-98
304,13,13T,John Stockton,35,UTA,0.0,5.0,1160,0.004,64,29.0,12.0,2.6,8.5,1.4,0.2,0.528,0.429,0.827,8.0,0.206,stockjo01,1997-98
305,14,15,Mitch Richmond,32,SAC,0.0,3.0,1160,0.003,70,36.7,23.2,3.3,4.0,1.3,0.2,0.445,0.389,0.864,7.9,0.148,richmmi01,1997-98
306,15,16T,Reggie Miller,32,IND,0.0,2.0,1160,0.002,81,34.5,19.5,2.9,2.1,1.0,0.1,0.477,0.429,0.868,12.0,0.206,millere01,1997-98
307,16,16T,Rik Smits,31,IND,0.0,2.0,1160,0.002,73,28.6,16.7,6.9,1.4,0.5,1.2,0.495,0.0,0.783,6.1,0.141,smitsri01,1997-98
308,17,18T,Michael Finley,24,DAL,0.0,1.0,1160,0.001,82,41.4,21.5,5.3,4.9,1.6,0.4,0.449,0.357,0.784,7.5,0.106,finlemi01,1997-98
309,18,18T,Rod Strickland,31,WAS,0.0,1.0,1160,0.001,76,39.7,17.8,5.3,10.5,1.7,0.3,0.434,0.25,0.726,8.1,0.129,stricro02,1997-98
310,0,1,Karl Malone,35,UTA,44.0,827.0,1180,0.701,49,37.4,23.8,9.4,4.1,1.3,0.6,0.493,0.0,0.788,9.6,0.252,malonka01,1998-99
311,1,2,Alonzo Mourning,28,MIA,36.0,773.0,1180,0.655,46,38.1,20.1,11.0,1.6,0.7,3.9,0.511,0.0,0.652,7.9,0.216,mournal01,1998-99
312,2,3,Tim Duncan,22,SAS,30.0,740.0,1180,0.627,50,39.3,21.7,11.4,2.4,0.9,2.5,0.495,0.143,0.69,8.7,0.213,duncati01,1998-99
313,3,4,Allen Iverson,23,PHI,5.0,319.0,1180,0.27,48,41.5,26.8,4.9,4.6,2.3,0.1,0.412,0.291,0.751,7.2,0.173,iversal01,1998-99
314,4,5,Jason Kidd,25,PHO,2.0,159.0,1180,0.135,50,41.2,16.9,6.8,10.8,2.3,0.4,0.444,0.366,0.757,8.1,0.188,kiddja01,1998-99
315,5,6,Shaquille O'Neal,26,LAL,1.0,89.0,1180,0.075,49,34.8,26.3,10.7,2.3,0.7,1.7,0.576,0.0,0.54,9.0,0.255,onealsh01,1998-99
316,6,7,Chris Webber,25,SAC,0.0,51.0,1180,0.043,42,40.9,20.0,13.0,4.1,1.4,2.1,0.486,0.118,0.454,3.6,0.102,webbech01,1998-99
317,7,8,Grant Hill,26,DET,0.0,39.0,1180,0.033,50,37.0,21.1,7.1,6.0,1.6,0.5,0.479,0.0,0.752,7.3,0.189,hillgr01,1998-99
318,8,9,Gary Payton,30,SEA,0.0,35.0,1180,0.03,50,40.2,21.7,4.9,8.7,2.2,0.2,0.434,0.295,0.721,7.2,0.172,paytoga01,1998-99
319,9,10,Kevin Garnett,22,MIN,0.0,9.0,1180,0.008,47,37.9,20.8,10.4,4.3,1.7,1.8,0.46,0.286,0.704,5.4,0.146,garneke01,1998-99
320,10,11,Shawn Kemp,29,CLE,0.0,7.0,1180,0.006,42,35.1,20.5,9.2,2.4,1.1,1.1,0.482,0.5,0.789,6.3,0.205,kempsh01,1998-99
321,11,12,David Robinson,33,SAS,0.0,6.0,1180,0.005,49,31.7,15.8,10.0,2.1,1.4,2.4,0.509,0.0,0.658,8.4,0.261,robinda01,1998-99
322,12,13T,Hakeem Olajuwon,36,HOU,0.0,3.0,1180,0.003,50,35.7,18.9,9.6,1.8,1.6,2.5,0.514,0.308,0.717,6.5,0.175,olajuha01,1998-99
323,13,13T,Arvydas Sabonis,34,POR,0.0,3.0,1180,0.003,50,27.0,12.1,7.9,2.4,0.7,1.3,0.485,0.292,0.771,5.8,0.207,sabonar01,1998-99
324,14,15,Darrell Armstrong,30,ORL,0.0,2.0,1180,0.002,50,30.0,13.8,3.6,6.7,2.2,0.1,0.441,0.365,0.904,6.4,0.205,armstda01,1998-99
325,15,16T,Vince Carter,22,TOR,0.0,1.0,1180,0.001,50,35.2,18.3,5.7,3.0,1.1,1.5,0.45,0.288,0.761,5.0,0.136,cartevi01,1998-99
326,16,16T,Anfernee Hardaway,27,ORL,0.0,1.0,1180,0.001,50,38.9,15.8,5.7,5.3,2.2,0.5,0.42,0.286,0.706,5.0,0.122,hardaan01,1998-99
327,17,16T,Mark Jackson,33,IND,0.0,1.0,1180,0.001,49,28.2,7.6,3.8,7.9,0.9,0.1,0.419,0.311,0.823,3.8,0.134,jacksma01,1998-99
328,18,16T,Glenn Robinson,26,MIL,0.0,1.0,1180,0.001,47,33.6,18.4,5.9,2.1,1.0,0.9,0.459,0.392,0.87,4.0,0.122,robingl01,1998-99
329,19,16T,Steve Smith,29,ATL,0.0,1.0,1180,0.001,36,36.5,18.7,4.2,3.3,1.0,0.3,0.402,0.338,0.849,4.4,0.162,smithst01,1998-99
330,20,16T,Rasheed Wallace,24,POR,0.0,1.0,1180,0.001,49,28.9,12.8,4.9,1.2,1.0,1.1,0.508,0.419,0.732,5.0,0.169,wallara01,1998-99
331,0,1,Shaquille O'Neal,27,LAL,120.0,1207.0,1210,0.998,79,40.0,29.7,13.6,3.8,0.5,3.0,0.574,0.0,0.524,18.6,0.283,onealsh01,1999-00
332,1,2,Kevin Garnett,23,MIN,0.0,408.0,1210,0.337,81,40.0,22.9,11.8,5.0,1.5,1.6,0.497,0.37,0.765,11.6,0.172,garneke01,1999-00
333,2,3,Alonzo Mourning,29,MIA,0.0,367.0,1210,0.303,79,34.8,21.7,9.5,1.6,0.5,3.7,0.551,0.0,0.711,12.9,0.226,mournal01,1999-00
334,3,4,Karl Malone,36,UTA,0.0,312.0,1210,0.258,82,35.9,25.5,9.5,3.7,1.0,0.9,0.509,0.25,0.797,15.3,0.249,malonka01,1999-00
335,4,5,Tim Duncan,23,SAS,0.0,248.0,1210,0.205,74,38.9,23.2,12.4,3.2,0.9,2.2,0.49,0.091,0.761,13.0,0.218,duncati01,1999-00
336,5,6,Gary Payton,31,SEA,0.0,180.0,1210,0.149,82,41.8,24.2,6.5,8.9,1.9,0.2,0.448,0.34,0.735,13.9,0.195,paytoga01,1999-00
337,6,7,Allen Iverson,24,PHI,1.0,132.0,1210,0.109,70,40.8,28.4,3.8,4.7,2.1,0.1,0.421,0.341,0.713,6.9,0.116,iversal01,1999-00
338,7,8,Grant Hill,27,DET,0.0,113.0,1210,0.093,74,37.5,25.8,6.6,5.2,1.4,0.6,0.489,0.347,0.795,10.7,0.185,hillgr01,1999-00
339,8,9,Chris Webber,26,SAC,0.0,96.0,1210,0.079,75,38.4,24.5,10.5,4.6,1.6,1.7,0.483,0.284,0.751,10.7,0.179,webbech01,1999-00
340,9,10,Vince Carter,23,TOR,0.0,51.0,1210,0.042,82,38.1,25.7,5.8,3.9,1.3,1.1,0.465,0.403,0.791,11.8,0.182,cartevi01,1999-00
341,10,11,Jason Kidd,26,PHO,0.0,25.0,1210,0.021,67,39.0,14.3,7.2,10.1,2.0,0.4,0.409,0.337,0.829,8.5,0.156,kiddja01,1999-00
342,11,12,Kobe Bryant,21,LAL,0.0,3.0,1210,0.002,66,38.2,22.5,6.3,4.9,1.6,0.9,0.468,0.319,0.821,10.6,0.202,bryanko01,1999-00
343,12,13T,Darrell Armstrong,31,ORL,0.0,1.0,1210,0.001,82,31.6,16.2,3.3,6.1,2.1,0.1,0.433,0.34,0.911,8.0,0.149,armstda01,1999-00
344,13,13T,Michael Finley,26,DAL,0.0,1.0,1210,0.001,82,42.2,22.6,6.3,5.3,1.3,0.4,0.457,0.401,0.82,8.3,0.114,finlemi01,1999-00
345,14,13T,Reggie Miller,34,IND,0.0,1.0,1210,0.001,81,36.9,18.1,3.0,2.3,1.0,0.3,0.448,0.408,0.919,10.1,0.162,millere01,1999-00
346,15,13T,Jalen Rose,27,IND,0.0,1.0,1210,0.001,80,37.2,18.2,4.8,4.0,1.1,0.6,0.471,0.393,0.827,7.3,0.118,roseja01,1999-00
347,0,1,Allen Iverson,25,PHI,93.0,1121.0,1240,0.904,71,42.0,31.1,3.8,4.6,2.5,0.3,0.42,0.32,0.814,11.8,0.19,iversal01,2000-01
348,1,2,Tim Duncan,24,SAS,18.0,706.0,1240,0.569,82,38.7,22.2,12.2,3.0,0.9,2.3,0.499,0.259,0.618,13.2,0.2,duncati01,2000-01
349,2,3,Shaquille O'Neal,28,LAL,7.0,578.0,1240,0.466,74,39.5,28.7,12.7,3.7,0.6,2.8,0.572,0.0,0.513,14.9,0.245,onealsh01,2000-01
350,3,4,Chris Webber,27,SAC,5.0,521.0,1240,0.42,70,40.5,27.1,11.1,4.2,1.3,1.7,0.481,0.071,0.703,11.0,0.186,webbech01,2000-01
351,4,5,Kevin Garnett,24,MIN,1.0,151.0,1240,0.122,81,39.5,22.0,11.4,5.0,1.4,1.8,0.477,0.288,0.764,11.8,0.176,garneke01,2000-01
352,5,6,Tracy McGrady,21,ORL,0.0,64.0,1240,0.052,77,40.1,26.8,7.5,4.6,1.5,1.5,0.457,0.355,0.733,12.2,0.189,mcgratr01,2000-01
353,6,7,Karl Malone,37,UTA,0.0,21.0,1240,0.017,81,35.7,23.2,8.3,4.5,1.1,0.8,0.498,0.4,0.793,13.1,0.217,malonka01,2000-01
354,7,8,Jason Kidd,27,PHO,0.0,18.0,1240,0.015,77,39.8,16.9,6.4,9.8,2.2,0.3,0.411,0.297,0.814,9.6,0.15,kiddja01,2000-01
355,8,9,Kobe Bryant,22,LAL,0.0,11.0,1240,0.009,68,40.9,28.5,5.9,5.0,1.7,0.6,0.464,0.305,0.853,11.3,0.196,bryanko01,2000-01
356,9,10,David Robinson,35,SAS,0.0,8.0,1240,0.006,80,29.6,14.4,8.6,1.5,1.0,2.5,0.486,0.0,0.747,12.1,0.246,robinda01,2000-01
357,10,11T,Ray Allen,25,MIL,0.0,7.0,1240,0.006,82,38.2,22.0,5.2,4.6,1.5,0.2,0.48,0.433,0.888,13.7,0.211,allenra02,2000-01
358,11,11T,Vince Carter,24,TOR,0.0,7.0,1240,0.006,75,39.7,27.6,5.5,3.9,1.5,1.1,0.46,0.408,0.765,12.9,0.208,cartevi01,2000-01
359,12,13,Paul Pierce,23,BOS,0.0,5.0,1240,0.004,82,38.0,25.3,6.4,3.1,1.7,0.8,0.454,0.383,0.745,10.4,0.16,piercpa01,2000-01
360,13,14,Jerry Stackhouse,26,DET,0.0,3.0,1240,0.002,80,40.2,29.8,3.9,5.1,1.2,0.7,0.402,0.351,0.822,9.2,0.137,stackje01,2000-01
361,14,15T,Michael Finley,27,DAL,0.0,1.0,1240,0.001,82,42.0,21.5,5.2,4.4,1.4,0.4,0.458,0.346,0.775,8.5,0.119,finlemi01,2000-01
362,15,15T,Anthony Mason,34,MIA,0.0,1.0,1240,0.001,80,40.7,16.1,9.6,3.1,1.0,0.3,0.482,,0.781,11.6,0.171,masonan01,2000-01
363,16,15T,John Stockton,38,UTA,0.0,1.0,1240,0.001,82,29.2,11.5,2.8,8.7,1.6,0.3,0.504,0.462,0.817,10.8,0.216,stockjo01,2000-01
364,0,1,Tim Duncan,25,SAS,57.0,954.0,1260,0.757,82,40.6,25.5,12.7,3.7,0.7,2.5,0.508,0.1,0.799,17.8,0.257,duncati01,2001-02
365,1,2,Jason Kidd,28,NJN,45.0,897.0,1260,0.712,82,37.3,14.7,7.3,9.9,2.1,0.2,0.391,0.321,0.814,8.9,0.14,kiddja01,2001-02
366,2,3,Shaquille O'Neal,29,LAL,15.0,696.0,1260,0.552,67,36.1,27.2,10.7,3.0,0.6,2.0,0.579,0.0,0.555,13.2,0.262,onealsh01,2001-02
367,3,4,Tracy McGrady,22,ORL,7.0,390.0,1260,0.31,76,38.3,25.6,7.9,5.3,1.6,1.0,0.451,0.364,0.748,11.5,0.189,mcgratr01,2001-02
368,4,5,Kobe Bryant,23,LAL,1.0,98.0,1260,0.078,80,38.3,25.2,5.5,5.5,1.5,0.4,0.469,0.25,0.829,12.7,0.199,bryanko01,2001-02
369,5,6,Gary Payton,33,SEA,1.0,54.0,1260,0.043,82,40.3,22.1,4.8,9.0,1.6,0.3,0.467,0.314,0.797,12.6,0.183,paytoga01,2001-02
370,6,7,Chris Webber,28,SAC,0.0,37.0,1260,0.029,54,38.4,24.5,10.1,4.8,1.7,1.4,0.495,0.263,0.749,8.6,0.2,webbech01,2001-02
371,7,8,Dirk Nowitzki,23,DAL,0.0,31.0,1260,0.025,76,38.0,23.4,9.9,2.4,1.1,1.0,0.477,0.397,0.853,13.4,0.222,nowitdi01,2001-02
372,8,9,Allen Iverson,26,PHI,0.0,29.0,1260,0.023,60,43.7,31.4,4.5,5.5,2.8,0.2,0.398,0.291,0.812,6.9,0.126,iversal01,2001-02
373,9,10,Ben Wallace,27,DET,0.0,24.0,1260,0.019,80,36.5,7.6,13.0,1.4,1.7,3.5,0.531,0.0,0.423,11.6,0.19,wallabe01,2001-02
374,10,11,Paul Pierce,24,BOS,0.0,22.0,1260,0.017,82,40.3,26.1,6.9,3.2,1.9,1.0,0.442,0.404,0.809,12.9,0.187,piercpa01,2001-02
375,11,12,Kevin Garnett,25,MIN,0.0,17.0,1260,0.013,81,39.2,21.2,12.1,5.2,1.2,1.6,0.47,0.319,0.801,12.8,0.194,garneke01,2001-02
376,12,13,Michael Jordan,38,WAS,0.0,16.0,1260,0.013,60,34.9,22.9,5.7,5.2,1.4,0.4,0.416,0.189,0.79,3.3,0.075,jordami01,2001-02
377,13,14,Steve Nash,27,DAL,0.0,5.0,1260,0.004,82,34.6,17.9,3.1,7.7,0.6,0.0,0.483,0.455,0.887,9.9,0.167,nashst01,2001-02
378,14,15,Jerry Stackhouse,27,DET,0.0,3.0,1260,0.002,76,35.3,21.4,4.1,5.3,1.0,0.5,0.397,0.287,0.858,5.8,0.104,stackje01,2001-02
379,15,16T,Mike Bibby,23,SAC,0.0,1.0,1260,0.001,80,33.2,13.7,2.8,5.0,1.1,0.2,0.453,0.37,0.803,6.3,0.113,bibbymi01,2001-02
380,16,16T,Elton Brand,22,LAC,0.0,1.0,1260,0.001,80,37.8,18.2,11.6,2.4,1.0,2.0,0.527,,0.742,13.6,0.216,brandel01,2001-02
381,17,16T,Peja Stojaković,24,SAC,0.0,1.0,1260,0.001,71,37.3,21.2,5.3,2.5,1.1,0.2,0.484,0.416,0.876,9.9,0.179,stojape01,2001-02
382,0,1,Tim Duncan,26,SAS,60.0,962.0,1190,0.808,81,39.3,23.3,12.9,3.9,0.7,2.9,0.513,0.273,0.71,16.5,0.248,duncati01,2002-03
383,1,2,Kevin Garnett,26,MIN,43.0,871.0,1190,0.732,82,40.5,23.0,13.4,6.0,1.4,1.6,0.502,0.282,0.751,15.6,0.225,garneke01,2002-03
384,2,3,Kobe Bryant,24,LAL,8.0,496.0,1190,0.417,82,41.5,30.0,6.9,5.9,2.2,0.8,0.451,0.383,0.843,14.9,0.21,bryanko01,2002-03
385,3,4,Tracy McGrady,23,ORL,4.0,427.0,1190,0.359,75,39.4,32.1,6.5,5.5,1.7,0.8,0.457,0.386,0.793,16.1,0.262,mcgratr01,2002-03
386,4,5,Shaquille O'Neal,30,LAL,3.0,126.0,1190,0.106,67,37.8,27.5,11.1,3.1,0.6,2.4,0.574,,0.622,13.2,0.25,onealsh01,2002-03
387,5,6,Allen Iverson,27,PHI,0.0,83.0,1190,0.07,82,42.5,27.6,4.2,5.5,2.7,0.2,0.414,0.277,0.774,9.2,0.127,iversal01,2002-03
388,6,7,Dirk Nowitzki,24,DAL,0.0,43.0,1190,0.036,80,39.0,25.1,9.9,3.0,1.4,1.0,0.463,0.379,0.881,16.1,0.249,nowitdi01,2002-03
389,7,8,Ben Wallace,28,DET,1.0,33.0,1190,0.028,73,39.4,6.9,15.4,1.6,1.4,3.2,0.481,0.167,0.45,10.6,0.176,wallabe01,2002-03
390,8,9,Jason Kidd,29,NJN,0.0,31.0,1190,0.026,80,37.4,18.7,6.3,8.9,2.2,0.3,0.414,0.341,0.841,11.3,0.182,kiddja01,2002-03
391,9,10,Chris Webber,29,SAC,0.0,19.0,1190,0.016,67,39.1,23.0,10.5,5.4,1.6,1.3,0.461,0.238,0.607,6.9,0.127,webbech01,2002-03
392,10,11T,Jamal Mashburn,30,NOH,0.0,1.0,1190,0.001,82,40.5,21.6,6.1,5.6,1.0,0.2,0.422,0.389,0.848,9.0,0.13,mashbja01,2002-03
393,11,11T,Steve Nash,28,DAL,0.0,1.0,1190,0.001,82,33.1,17.7,2.9,7.3,1.0,0.1,0.465,0.413,0.909,11.6,0.206,nashst01,2002-03
394,12,11T,Paul Pierce,25,BOS,0.0,1.0,1190,0.001,79,39.2,25.9,7.3,4.4,1.8,0.8,0.416,0.302,0.802,10.1,0.157,piercpa01,2002-03
395,0,1,Kevin Garnett,27,MIN,120.0,1219.0,1230,0.991,82,39.4,24.2,13.9,5.0,1.5,2.2,0.499,0.256,0.791,18.3,0.272,garneke01,2003-04
396,1,2,Tim Duncan,27,SAS,0.0,716.0,1230,0.582,69,36.6,22.3,12.4,3.1,0.9,2.7,0.501,0.167,0.599,13.1,0.249,duncati01,2003-04
397,2,3,Jermaine O'Neal,25,IND,2.0,523.0,1230,0.425,78,35.7,20.1,10.0,2.1,0.8,2.6,0.434,0.111,0.757,9.0,0.155,onealje01,2003-04
398,3,4,Peja Stojaković,26,SAC,1.0,281.0,1230,0.228,81,40.3,24.2,6.3,2.1,1.3,0.2,0.48,0.433,0.927,13.5,0.198,stojape01,2003-04
399,4,5,Kobe Bryant,25,LAL,0.0,212.0,1230,0.172,65,37.6,24.0,5.5,5.1,1.7,0.4,0.438,0.327,0.852,10.7,0.21,bryanko01,2003-04
400,5,6,Shaquille O'Neal,31,LAL,0.0,178.0,1230,0.145,67,36.8,21.5,11.5,2.9,0.5,2.5,0.584,,0.49,9.9,0.192,onealsh01,2003-04
401,6,7,Ben Wallace,29,DET,0.0,24.0,1230,0.02,81,37.7,9.5,12.4,1.7,1.8,3.0,0.421,0.125,0.49,10.2,0.16,wallabe01,2003-04
402,7,8,Jason Kidd,30,NJN,0.0,17.0,1230,0.014,67,36.6,15.5,6.4,9.2,1.8,0.2,0.384,0.321,0.827,7.2,0.141,kiddja01,2003-04
403,8,9,LeBron James,19,CLE,0.0,11.0,1230,0.009,79,39.5,20.9,5.5,5.9,1.6,0.7,0.417,0.29,0.754,5.1,0.078,jamesle01,2003-04
404,9,10T,Sam Cassell,34,MIN,0.0,4.0,1230,0.003,81,35.0,19.8,3.3,7.3,1.3,0.2,0.488,0.398,0.873,12.1,0.205,cassesa01,2003-04
405,10,10T,Baron Davis,24,NOH,0.0,4.0,1230,0.003,67,40.1,22.9,4.3,7.5,2.4,0.4,0.395,0.321,0.673,7.5,0.133,davisba01,2003-04
406,11,10T,Dirk Nowitzki,25,DAL,0.0,4.0,1230,0.003,77,37.9,21.8,8.7,2.7,1.2,1.4,0.462,0.341,0.877,11.5,0.19,nowitdi01,2003-04
407,12,13,Andrei Kirilenko,22,UTA,0.0,2.0,1230,0.002,78,37.1,16.5,8.1,3.1,1.9,2.8,0.443,0.338,0.79,11.6,0.192,kirilan01,2003-04
408,13,14T,Carmelo Anthony,19,DEN,0.0,1.0,1230,0.001,82,36.5,21.0,6.1,2.8,1.2,0.5,0.426,0.322,0.777,6.1,0.098,anthoca01,2003-04
409,14,14T,Yao Ming,23,HOU,0.0,1.0,1230,0.001,82,32.8,17.5,9.0,1.5,0.3,1.9,0.522,0.0,0.809,11.4,0.202,mingya01,2003-04
410,15,14T,Michael Redd,24,MIL,0.0,1.0,1230,0.001,82,36.8,21.7,5.0,2.3,1.0,0.1,0.44,0.35,0.868,9.7,0.154,reddmi01,2003-04
411,0,1,Steve Nash,30,PHO,65.0,1066.0,1270,0.839,75,34.3,15.5,3.3,11.5,1.0,0.1,0.502,0.431,0.887,10.9,0.203,nashst01,2004-05
412,1,2,Shaquille O'Neal,32,MIA,58.0,1032.0,1270,0.813,73,34.1,22.9,10.4,2.7,0.5,2.3,0.601,,0.461,11.0,0.211,onealsh01,2004-05
413,2,3,Dirk Nowitzki,26,DAL,0.0,349.0,1270,0.275,78,38.7,26.1,9.7,3.1,1.2,1.5,0.459,0.399,0.869,15.6,0.248,nowitdi01,2004-05
414,3,4,Tim Duncan,28,SAS,1.0,328.0,1270,0.258,66,33.4,20.3,11.1,2.7,0.7,2.6,0.496,0.333,0.67,11.2,0.245,duncati01,2004-05
415,4,5,Allen Iverson,29,PHI,2.0,240.0,1270,0.189,75,42.3,30.7,4.0,7.9,2.4,0.1,0.424,0.308,0.835,9.0,0.136,iversal01,2004-05
416,5,6,LeBron James,20,CLE,0.0,93.0,1270,0.073,80,42.4,27.2,7.4,7.2,2.2,0.7,0.472,0.351,0.75,14.3,0.203,jamesle01,2004-05
417,6,7,Tracy McGrady,25,HOU,0.0,44.0,1270,0.035,78,40.8,25.7,6.2,5.7,1.7,0.7,0.431,0.326,0.774,12.0,0.18,mcgratr01,2004-05
418,7,8,Dwyane Wade,23,MIA,0.0,43.0,1270,0.034,77,38.6,24.1,5.2,6.8,1.6,1.1,0.478,0.289,0.762,11.0,0.177,wadedw01,2004-05
419,8,9T,Amar'e Stoudemire,22,PHO,1.0,41.0,1270,0.032,80,36.1,26.0,8.9,1.6,1.0,1.6,0.559,0.188,0.733,14.6,0.243,stoudam01,2004-05
420,9,9T,Ray Allen,29,SEA,0.0,41.0,1270,0.032,78,39.3,23.9,4.4,3.7,1.1,0.1,0.428,0.376,0.883,10.7,0.168,allenra02,2004-05
421,10,11,Kevin Garnett,28,MIN,0.0,15.0,1270,0.012,82,38.1,22.2,13.5,5.7,1.5,1.4,0.502,0.24,0.811,16.1,0.248,garneke01,2004-05
422,11,12,Gilbert Arenas,23,WAS,0.0,4.0,1270,0.003,80,40.9,25.5,4.7,5.1,1.7,0.3,0.431,0.365,0.814,11.5,0.169,arenagi01,2004-05
423,12,13,Vince Carter,28,TOT,0.0,3.0,1270,0.002,77,36.7,24.5,5.2,4.2,1.4,0.6,0.452,0.406,0.798,9.4,0.159,cartevi01,2004-05
424,13,14T,P.J. Brown,35,NOH,0.0,1.0,1270,0.001,82,34.4,10.8,9.0,2.2,0.9,0.6,0.446,,0.864,6.9,0.118,brownpj01,2004-05
425,14,14T,Marcus Camby,30,DEN,0.0,1.0,1270,0.001,66,30.5,10.3,10.0,2.3,0.9,3.0,0.465,0.0,0.723,5.8,0.138,cambyma01,2004-05
426,15,14T,Shawn Marion,26,PHO,0.0,1.0,1270,0.001,81,38.8,19.4,11.3,1.9,2.0,1.5,0.476,0.334,0.833,12.5,0.191,mariosh01,2004-05
427,0,1,Steve Nash,31,PHO,57.0,924.0,1250,0.739,79,35.4,18.8,4.2,10.5,0.8,0.2,0.512,0.439,0.921,12.4,0.212,nashst01,2005-06
428,1,2,LeBron James,21,CLE,16.0,688.0,1250,0.55,79,42.5,31.4,7.0,6.6,1.6,0.8,0.48,0.335,0.738,16.3,0.232,jamesle01,2005-06
429,2,3,Dirk Nowitzki,27,DAL,14.0,544.0,1250,0.435,81,38.1,26.6,9.0,2.8,0.7,1.0,0.48,0.406,0.901,17.7,0.275,nowitdi01,2005-06
430,3,4,Kobe Bryant,27,LAL,22.0,483.0,1250,0.386,80,41.0,35.4,5.3,4.5,1.8,0.4,0.45,0.347,0.85,15.3,0.224,bryanko01,2005-06
431,4,5,Chauncey Billups,29,DET,15.0,430.0,1250,0.344,81,36.1,18.5,3.1,8.6,0.9,0.1,0.418,0.433,0.894,15.5,0.254,billuch01,2005-06
432,5,6,Dwyane Wade,24,MIA,0.0,87.0,1250,0.07,75,38.6,27.2,5.7,6.7,1.9,0.8,0.495,0.171,0.783,14.4,0.239,wadedw01,2005-06
433,6,7,Elton Brand,26,LAC,1.0,50.0,1250,0.04,79,39.2,24.7,10.0,2.6,1.0,2.5,0.527,0.333,0.775,14.8,0.229,brandel01,2005-06
434,7,8,Tim Duncan,29,SAS,0.0,33.0,1250,0.026,80,34.8,18.6,11.0,3.2,0.9,2.0,0.484,0.4,0.629,10.8,0.187,duncati01,2005-06
435,8,9,Tony Parker,23,SAS,0.0,9.0,1250,0.007,80,33.9,18.9,3.3,5.8,1.0,0.1,0.548,0.306,0.707,9.6,0.169,parketo01,2005-06
436,9,10T,Allen Iverson,30,PHI,0.0,1.0,1250,0.001,72,43.1,33.0,3.2,7.4,1.9,0.1,0.447,0.323,0.814,10.6,0.165,iversal01,2005-06
437,10,10T,Shawn Marion,27,PHO,0.0,1.0,1250,0.001,81,40.3,21.8,11.8,1.8,2.0,1.7,0.525,0.331,0.809,14.6,0.214,mariosh01,2005-06
438,0,1,Dirk Nowitzki,28,DAL,83.0,1138.0,1290,0.882,78,36.2,24.6,8.9,3.4,0.7,0.8,0.502,0.416,0.904,16.3,0.278,nowitdi01,2006-07
439,1,2,Steve Nash,32,PHO,44.0,1013.0,1290,0.785,76,35.3,18.6,3.5,11.6,0.8,0.1,0.532,0.455,0.899,12.6,0.225,nashst01,2006-07
440,2,3,Kobe Bryant,28,LAL,2.0,521.0,1290,0.404,77,40.8,31.6,5.7,5.4,1.4,0.5,0.463,0.344,0.868,13.0,0.199,bryanko01,2006-07
441,3,4,Tim Duncan,30,SAS,0.0,286.0,1290,0.222,80,34.1,20.0,10.6,3.4,0.8,2.4,0.546,0.111,0.637,13.0,0.23,duncati01,2006-07
442,4,5,LeBron James,22,CLE,0.0,183.0,1290,0.142,78,40.9,27.3,6.7,6.0,1.6,0.7,0.476,0.319,0.698,13.7,0.206,jamesle01,2006-07
443,5,6,Tracy McGrady,27,HOU,0.0,110.0,1290,0.085,71,35.8,24.6,5.3,6.5,1.3,0.5,0.431,0.331,0.707,8.6,0.163,mcgratr01,2006-07
444,6,7,Chris Bosh,22,TOR,0.0,43.0,1290,0.033,69,38.5,22.6,10.7,2.5,0.6,1.3,0.496,0.343,0.785,9.6,0.174,boshch01,2006-07
445,7,8,Gilbert Arenas,25,WAS,0.0,31.0,1290,0.024,74,39.8,28.4,4.6,6.0,1.9,0.2,0.418,0.351,0.844,10.8,0.177,arenagi01,2006-07
446,8,9T,Carlos Boozer,25,UTA,0.0,7.0,1290,0.005,74,34.6,20.9,11.7,3.0,0.9,0.3,0.561,,0.685,9.9,0.185,boozeca01,2006-07
447,9,9T,Kevin Garnett,30,MIN,0.0,7.0,1290,0.005,76,39.4,22.4,12.8,4.1,1.2,1.7,0.476,0.214,0.835,10.7,0.171,garneke01,2006-07
448,10,11,Chauncey Billups,30,DET,0.0,4.0,1290,0.003,70,36.2,17.0,3.4,7.2,1.2,0.2,0.427,0.345,0.883,11.4,0.216,billuch01,2006-07
449,11,12T,Shaquille O'Neal,34,MIA,0.0,3.0,1290,0.002,40,28.4,17.3,7.4,2.0,0.2,1.4,0.591,,0.422,2.8,0.119,onealsh01,2006-07
450,12,12T,Dwyane Wade,25,MIA,0.0,3.0,1290,0.002,51,37.9,27.4,4.7,7.5,2.1,1.2,0.491,0.266,0.807,8.8,0.219,wadedw01,2006-07
451,13,14,Amar'e Stoudemire,24,PHO,0.0,2.0,1290,0.002,82,32.8,20.4,9.6,1.0,1.0,1.3,0.575,0.0,0.781,11.2,0.201,stoudam01,2006-07
452,14,15T,Carmelo Anthony,22,DEN,0.0,1.0,1290,0.001,65,38.2,28.9,6.0,3.8,1.2,0.4,0.476,0.268,0.808,7.3,0.14,anthoca01,2006-07
453,15,15T,Baron Davis,27,GSW,0.0,1.0,1290,0.001,63,35.3,20.1,4.4,8.1,2.1,0.5,0.439,0.304,0.745,6.4,0.139,davisba01,2006-07
454,16,15T,Tony Parker,24,SAS,0.0,1.0,1290,0.001,77,32.5,18.6,3.2,5.5,1.1,0.1,0.52,0.395,0.783,9.6,0.185,parketo01,2006-07
455,0,1,Kobe Bryant,29,LAL,82.0,1100.0,1260,0.873,82,38.9,28.3,6.3,5.4,1.8,0.5,0.459,0.361,0.84,13.8,0.208,bryanko01,2007-08
456,1,2,Chris Paul,22,NOH,28.0,894.0,1260,0.71,80,37.6,21.1,4.0,11.6,2.7,0.1,0.488,0.369,0.851,17.8,0.284,paulch01,2007-08
457,2,3,Kevin Garnett,31,BOS,15.0,670.0,1260,0.532,71,32.8,18.8,9.2,3.4,1.4,1.3,0.539,0.0,0.801,12.9,0.265,garneke01,2007-08
458,3,4,LeBron James,23,CLE,1.0,438.0,1260,0.348,75,40.4,30.0,7.9,7.2,1.8,1.1,0.484,0.315,0.712,15.2,0.242,jamesle01,2007-08
459,4,5,Dwight Howard,22,ORL,0.0,60.0,1260,0.048,82,37.7,20.7,14.2,1.3,0.9,2.1,0.599,0.0,0.59,12.9,0.2,howardw01,2007-08
460,5,6,Amar'e Stoudemire,25,PHO,0.0,27.0,1260,0.021,79,33.9,25.2,9.1,1.5,0.8,2.1,0.59,0.161,0.805,14.6,0.262,stoudam01,2007-08
461,6,7,Tim Duncan,31,SAS,0.0,25.0,1260,0.02,78,34.0,19.3,11.3,2.8,0.7,1.9,0.497,0.0,0.73,11.1,0.201,duncati01,2007-08
462,7,8,Tracy McGrady,28,HOU,0.0,19.0,1260,0.015,66,37.0,21.6,5.1,5.9,1.0,0.5,0.419,0.292,0.684,5.8,0.115,mcgratr01,2007-08
463,8,9,Steve Nash,33,PHO,0.0,18.0,1260,0.014,81,34.3,16.9,3.5,11.1,0.7,0.1,0.504,0.47,0.906,10.5,0.181,nashst01,2007-08
464,9,10,Manu Ginóbili,30,SAS,0.0,9.0,1260,0.007,74,31.1,19.5,4.8,4.5,1.5,0.4,0.46,0.401,0.86,11.1,0.232,ginobma01,2007-08
465,10,11,Dirk Nowitzki,29,DAL,0.0,5.0,1260,0.004,77,36.0,23.6,8.6,3.5,0.7,0.9,0.479,0.359,0.879,12.9,0.223,nowitdi01,2007-08
466,11,12,Deron Williams,23,UTA,0.0,4.0,1260,0.003,82,37.3,18.8,3.0,10.5,1.1,0.3,0.507,0.395,0.803,11.3,0.177,willide01,2007-08
467,12,13,Carmelo Anthony,23,DEN,0.0,3.0,1260,0.002,77,36.4,25.7,7.4,3.4,1.3,0.5,0.492,0.354,0.786,8.2,0.14,anthoca01,2007-08
468,13,14T,Carlos Boozer,26,UTA,0.0,1.0,1260,0.001,81,34.9,21.1,10.4,2.9,1.2,0.5,0.547,0.0,0.738,10.2,0.173,boozeca01,2007-08
469,14,14T,Antawn Jamison,31,WAS,0.0,1.0,1260,0.001,79,38.7,21.4,10.2,1.5,1.3,0.4,0.436,0.339,0.76,9.2,0.144,jamisan01,2007-08
470,15,14T,Paul Pierce,30,BOS,0.0,1.0,1260,0.001,80,35.9,19.6,5.1,4.5,1.3,0.5,0.464,0.392,0.843,12.4,0.207,piercpa01,2007-08
471,16,14T,Rasheed Wallace,33,DET,0.0,1.0,1260,0.001,77,30.5,12.7,6.6,1.8,1.2,1.7,0.432,0.356,0.767,7.6,0.155,wallara01,2007-08
472,0,1,LeBron James,24,CLE,109.0,1172.0,1210,0.969,81,37.7,28.4,7.6,7.2,1.7,1.1,0.489,0.344,0.78,20.3,0.318,jamesle01,2008-09
473,1,2,Kobe Bryant,30,LAL,2.0,698.0,1210,0.577,82,36.1,26.8,5.2,4.9,1.5,0.5,0.467,0.351,0.856,12.7,0.206,bryanko01,2008-09
474,2,3,Dwyane Wade,27,MIA,7.0,680.0,1210,0.562,79,38.6,30.2,5.0,7.5,2.2,1.3,0.491,0.317,0.765,14.7,0.232,wadedw01,2008-09
475,3,4,Dwight Howard,23,ORL,1.0,328.0,1210,0.271,79,35.7,20.6,13.8,1.4,1.0,2.9,0.572,0.0,0.594,13.8,0.234,howardw01,2008-09
476,4,5,Chris Paul,23,NOH,2.0,192.0,1210,0.159,78,38.5,22.8,5.5,11.0,2.8,0.1,0.503,0.364,0.868,18.3,0.292,paulch01,2008-09
477,5,6,Chauncey Billups,32,TOT,0.0,33.0,1210,0.027,79,35.3,17.7,3.0,6.4,1.2,0.2,0.418,0.408,0.913,10.1,0.174,billuch01,2008-09
478,6,7,Paul Pierce,31,BOS,0.0,21.0,1210,0.017,81,37.5,20.5,5.6,3.6,1.0,0.3,0.457,0.391,0.83,10.3,0.164,piercpa01,2008-09
479,7,8,Tony Parker,26,SAS,0.0,9.0,1210,0.007,72,34.1,22.0,3.1,6.9,0.9,0.1,0.506,0.292,0.782,8.6,0.168,parketo01,2008-09
480,8,9,Brandon Roy,24,POR,0.0,7.0,1210,0.006,78,37.2,22.6,4.7,5.1,1.1,0.3,0.48,0.377,0.824,13.5,0.223,roybr01,2008-09
481,9,10,Dirk Nowitzki,30,DAL,0.0,3.0,1210,0.002,81,37.7,25.9,8.4,2.4,0.8,0.8,0.479,0.359,0.89,10.9,0.171,nowitdi01,2008-09
482,10,11,Tim Duncan,32,SAS,0.0,2.0,1210,0.002,75,33.7,19.3,10.7,3.5,0.5,1.7,0.504,0.0,0.692,10.1,0.191,duncati01,2008-09
483,11,12,Yao Ming,28,HOU,0.0,1.0,1210,0.001,77,33.6,19.7,9.9,1.8,0.4,1.9,0.548,1.0,0.866,10.6,0.196,mingya01,2008-09
484,0,1,LeBron James,25,CLE,116.0,1205.0,1230,0.98,76,39.0,29.7,7.3,8.6,1.6,1.0,0.503,0.333,0.767,18.5,0.299,jamesle01,2009-10
485,1,2,Kevin Durant,21,OKC,4.0,609.0,1230,0.495,82,39.5,30.1,7.6,2.8,1.4,1.0,0.476,0.365,0.9,16.1,0.238,duranke01,2009-10
486,2,3,Kobe Bryant,31,LAL,0.0,599.0,1230,0.487,73,38.8,27.0,5.4,5.0,1.5,0.3,0.456,0.329,0.811,9.4,0.16,bryanko01,2009-10
487,3,4,Dwight Howard,24,ORL,3.0,478.0,1230,0.389,82,34.7,18.3,13.2,1.8,0.9,2.8,0.612,0.0,0.592,13.2,0.223,howardw01,2009-10
488,4,5,Dwyane Wade,28,MIA,0.0,119.0,1230,0.097,77,36.3,26.6,4.8,6.5,1.8,1.1,0.476,0.3,0.761,13.0,0.224,wadedw01,2009-10
489,5,6,Carmelo Anthony,25,DEN,0.0,65.0,1230,0.053,69,38.2,28.2,6.6,3.2,1.3,0.4,0.458,0.316,0.83,7.9,0.145,anthoca01,2009-10
490,6,7,Dirk Nowitzki,31,DAL,0.0,55.0,1230,0.045,81,37.5,25.0,7.7,2.7,0.9,1.0,0.481,0.421,0.915,12.3,0.194,nowitdi01,2009-10
491,7,8,Steve Nash,35,PHO,0.0,49.0,1230,0.04,81,32.8,16.5,3.3,11.0,0.5,0.1,0.507,0.426,0.938,9.9,0.178,nashst01,2009-10
492,8,9,Deron Williams,25,UTA,0.0,7.0,1230,0.006,76,36.9,18.7,4.0,10.5,1.3,0.2,0.469,0.371,0.801,10.3,0.177,willide01,2009-10
493,9,10,Amar'e Stoudemire,27,PHO,0.0,5.0,1230,0.004,82,34.6,23.1,8.9,1.0,0.6,1.0,0.557,0.167,0.771,10.7,0.181,stoudam01,2009-10
494,10,11,Manu Ginóbili,32,SAS,0.0,3.0,1230,0.002,75,28.7,16.5,3.8,4.9,1.4,0.3,0.441,0.377,0.87,9.7,0.216,ginobma01,2009-10
495,11,12T,Chauncey Billups,33,DEN,0.0,1.0,1230,0.001,73,34.1,19.5,3.1,5.6,1.1,0.1,0.418,0.386,0.91,9.5,0.182,billuch01,2009-10
496,12,12T,Chris Bosh,25,TOR,0.0,1.0,1230,0.001,70,36.1,24.0,10.8,2.4,0.6,1.0,0.518,0.364,0.797,9.6,0.182,boshch01,2009-10
497,13,12T,Stephen Jackson,31,TOT,0.0,1.0,1230,0.001,81,38.6,20.6,5.0,3.7,1.6,0.5,0.423,0.328,0.779,5.0,0.077,jacksst02,2009-10
498,14,12T,Joe Johnson,28,ATL,0.0,1.0,1230,0.001,76,38.0,21.3,4.6,4.9,1.1,0.1,0.458,0.369,0.818,8.4,0.14,johnsjo02,2009-10
499,0,1,Derrick Rose,22,CHI,113.0,1182.0,1210,0.977,81,37.4,25.0,4.1,7.7,1.0,0.6,0.445,0.332,0.858,13.1,0.208,rosede01,2010-11
500,1,2,Dwight Howard,25,ORL,3.0,643.0,1210,0.531,78,37.6,22.9,14.1,1.4,1.4,2.4,0.593,0.0,0.596,14.4,0.235,howardw01,2010-11
501,2,3,LeBron James,26,MIA,4.0,522.0,1210,0.431,79,38.8,26.7,7.5,7.0,1.6,0.6,0.51,0.33,0.759,15.6,0.244,jamesle01,2010-11
502,3,4,Kobe Bryant,32,LAL,1.0,428.0,1210,0.354,82,33.9,25.3,5.1,4.7,1.2,0.1,0.451,0.323,0.828,10.3,0.178,bryanko01,2010-11
503,4,5,Kevin Durant,22,OKC,0.0,190.0,1210,0.157,78,38.9,27.7,6.8,2.7,1.1,1.0,0.462,0.35,0.88,12.0,0.189,duranke01,2010-11
504,5,6,Dirk Nowitzki,32,DAL,0.0,113.0,1210,0.093,73,34.3,23.0,7.0,2.6,0.5,0.6,0.517,0.393,0.892,11.1,0.213,nowitdi01,2010-11
505,6,7,Dwyane Wade,29,MIA,0.0,24.0,1210,0.02,76,37.1,25.5,6.4,4.6,1.5,1.1,0.5,0.306,0.758,12.8,0.218,wadedw01,2010-11
506,7,8,Manu Ginóbili,33,SAS,0.0,20.0,1210,0.017,80,30.3,17.4,3.7,4.9,1.5,0.4,0.433,0.349,0.871,9.9,0.195,ginobma01,2010-11
507,8,9,Amar'e Stoudemire,28,NYK,0.0,9.0,1210,0.007,78,36.8,25.3,8.2,2.6,0.9,1.9,0.502,0.435,0.792,8.0,0.134,stoudam01,2010-11
508,9,10T,Blake Griffin,21,LAC,0.0,5.0,1210,0.004,82,38.0,22.5,12.1,3.8,0.8,0.5,0.506,0.292,0.642,9.8,0.152,griffbl01,2010-11
509,10,10T,Rajon Rondo,24,BOS,0.0,5.0,1210,0.004,68,37.2,10.6,4.4,11.2,2.3,0.2,0.475,0.233,0.568,6.6,0.126,rondora01,2010-11
510,11,12,Tony Parker,28,SAS,0.0,3.0,1210,0.002,78,32.4,17.5,3.1,6.6,1.2,0.0,0.519,0.357,0.769,8.2,0.156,parketo01,2010-11
511,12,13,Chris Paul,25,NOH,0.0,2.0,1210,0.002,80,36.0,15.9,4.1,9.8,2.4,0.1,0.463,0.388,0.878,13.9,0.232,paulch01,2010-11
512,0,1,LeBron James,27,MIA,85.0,1074.0,1210,0.888,62,37.5,27.1,7.9,6.2,1.9,0.8,0.531,0.362,0.771,14.5,0.298,jamesle01,2011-12
513,1,2,Kevin Durant,23,OKC,24.0,889.0,1210,0.735,66,38.6,28.0,8.0,3.5,1.3,1.2,0.496,0.387,0.86,12.2,0.23,duranke01,2011-12
514,2,3,Chris Paul,26,LAC,6.0,385.0,1210,0.318,60,36.4,19.8,3.6,9.1,2.5,0.1,0.478,0.371,0.861,12.7,0.278,paulch01,2011-12
515,3,4,Kobe Bryant,33,LAL,2.0,352.0,1210,0.291,58,38.5,27.9,5.4,4.6,1.2,0.3,0.43,0.303,0.845,6.2,0.132,bryanko01,2011-12
516,4,5,Tony Parker,29,SAS,4.0,331.0,1210,0.274,60,32.1,18.3,2.9,7.7,1.0,0.1,0.48,0.23,0.799,7.1,0.177,parketo01,2011-12
517,5,6,Kevin Love,23,MIN,0.0,58.0,1210,0.048,55,39.0,26.0,13.3,2.0,0.9,0.5,0.448,0.372,0.824,10.0,0.223,loveke01,2011-12
518,6,7,Dwight Howard,26,ORL,0.0,13.0,1210,0.011,54,38.3,20.6,14.5,1.9,1.5,2.1,0.573,0.0,0.491,7.7,0.179,howardw01,2011-12
519,7,8,Rajon Rondo,25,BOS,0.0,12.0,1210,0.01,53,36.9,11.9,4.8,11.7,1.8,0.1,0.448,0.238,0.597,4.9,0.121,rondora01,2011-12
520,8,9,Steve Nash,37,PHO,0.0,7.0,1210,0.006,62,31.6,12.5,3.0,10.7,0.6,0.1,0.532,0.39,0.894,5.9,0.144,nashst01,2011-12
521,9,10,Dwyane Wade,30,MIA,0.0,6.0,1210,0.005,49,33.2,22.1,4.8,4.6,1.7,1.3,0.497,0.268,0.791,7.7,0.227,wadedw01,2011-12
522,10,11,Derrick Rose,23,CHI,0.0,5.0,1210,0.004,39,35.3,21.8,3.4,7.9,0.9,0.7,0.435,0.312,0.812,6.0,0.211,rosede01,2011-12
523,11,12T,Dirk Nowitzki,33,DAL,0.0,4.0,1210,0.003,62,33.5,21.6,6.7,2.2,0.7,0.5,0.457,0.368,0.896,7.6,0.175,nowitdi01,2011-12
524,12,12T,Russell Westbrook,23,OKC,0.0,4.0,1210,0.003,66,35.3,23.6,4.6,5.5,1.7,0.3,0.457,0.316,0.823,7.9,0.163,westbru01,2011-12
525,13,14,Tim Duncan,35,SAS,0.0,3.0,1210,0.002,58,28.2,15.4,9.0,2.3,0.7,1.5,0.492,0.0,0.695,5.9,0.174,duncati01,2011-12
526,14,15,Joe Johnson,30,ATL,0.0,1.0,1210,0.001,60,35.5,18.8,3.7,3.9,0.8,0.2,0.454,0.388,0.849,6.4,0.145,johnsjo02,2011-12
527,0,1,LeBron James,28,MIA,120.0,1207.0,1210,0.998,76,37.9,26.8,8.0,7.3,1.7,0.9,0.565,0.406,0.753,19.3,0.322,jamesle01,2012-13
528,1,2,Kevin Durant,24,OKC,0.0,765.0,1210,0.632,81,38.5,28.1,7.9,4.6,1.4,1.3,0.51,0.416,0.905,18.9,0.291,duranke01,2012-13
529,2,3,Carmelo Anthony,28,NYK,1.0,475.0,1210,0.393,67,37.0,28.7,6.9,2.6,0.8,0.5,0.449,0.379,0.83,9.5,0.184,anthoca01,2012-13
530,3,4,Chris Paul,27,LAC,0.0,289.0,1210,0.239,70,33.4,16.9,3.7,9.7,2.4,0.1,0.481,0.328,0.885,13.9,0.287,paulch01,2012-13
531,4,5,Kobe Bryant,34,LAL,0.0,184.0,1210,0.152,78,38.6,27.3,5.6,6.0,1.4,0.3,0.463,0.324,0.839,10.9,0.174,bryanko01,2012-13
532,5,6,Tony Parker,30,SAS,0.0,86.0,1210,0.071,66,32.9,20.3,3.0,7.6,0.8,0.1,0.522,0.353,0.845,9.3,0.206,parketo01,2012-13
533,6,7,Tim Duncan,36,SAS,0.0,65.0,1210,0.054,69,30.1,17.8,9.9,2.7,0.7,2.7,0.502,0.286,0.817,8.3,0.191,duncati01,2012-13
534,7,8,James Harden,23,HOU,0.0,33.0,1210,0.027,78,38.3,25.9,4.9,5.8,1.8,0.5,0.438,0.368,0.851,12.8,0.206,hardeja01,2012-13
535,8,9,Russell Westbrook,24,OKC,0.0,9.0,1210,0.007,82,34.9,23.2,5.2,7.4,1.8,0.3,0.438,0.323,0.8,11.6,0.195,westbru01,2012-13
536,9,10,Dwyane Wade,31,MIA,0.0,5.0,1210,0.004,69,34.7,21.2,5.0,5.1,1.9,0.8,0.521,0.258,0.725,9.6,0.192,wadedw01,2012-13
537,10,11,Stephen Curry,24,GSW,0.0,3.0,1210,0.002,78,38.2,22.9,4.0,6.9,1.6,0.2,0.451,0.453,0.9,11.2,0.18,curryst01,2012-13
538,11,12T,Kevin Garnett,36,BOS,0.0,1.0,1210,0.001,68,29.7,14.8,7.8,2.3,1.1,0.9,0.496,0.125,0.786,5.6,0.133,garneke01,2012-13
539,12,12T,Marc Gasol,28,MEM,0.0,1.0,1210,0.001,80,35.0,14.1,7.8,4.0,1.0,1.7,0.494,0.071,0.848,11.5,0.197,gasolma01,2012-13
540,13,12T,Ty Lawson,25,DEN,0.0,1.0,1210,0.001,73,34.4,16.7,2.7,6.9,1.5,0.1,0.461,0.366,0.756,7.4,0.141,lawsoty01,2012-13
541,14,12T,David Lee,29,GSW,0.0,1.0,1210,0.001,79,36.8,18.5,11.2,3.5,0.8,0.3,0.519,0.0,0.797,9.1,0.15,leeda02,2012-13
542,15,12T,Joakim Noah,27,CHI,0.0,1.0,1210,0.001,66,36.8,11.9,11.1,4.0,1.2,2.1,0.481,0.0,0.751,7.3,0.145,noahjo01,2012-13
543,0,1,Kevin Durant,25,OKC,119.0,1232.0,1250,0.986,81,38.5,32.0,7.4,5.5,1.3,0.7,0.503,0.391,0.873,19.2,0.295,duranke01,2013-14
544,1,2,LeBron James,29,MIA,6.0,891.0,1250,0.713,77,37.7,27.1,6.9,6.3,1.6,0.3,0.567,0.379,0.75,15.9,0.264,jamesle01,2013-14
545,2,3,Blake Griffin,24,LAC,0.0,434.0,1250,0.347,80,35.8,24.1,9.5,3.9,1.2,0.6,0.528,0.273,0.715,12.2,0.205,griffbl01,2013-14
546,3,4,Joakim Noah,28,CHI,0.0,322.0,1250,0.258,80,35.3,12.6,11.3,5.4,1.2,1.5,0.475,0.0,0.737,11.2,0.19,noahjo01,2013-14
547,4,5,James Harden,24,HOU,0.0,85.0,1250,0.068,73,38.0,25.4,4.7,6.1,1.6,0.4,0.456,0.366,0.866,12.8,0.221,hardeja01,2013-14
548,5,6,Stephen Curry,25,GSW,0.0,66.0,1250,0.053,78,36.5,24.0,4.3,8.5,1.6,0.2,0.471,0.424,0.885,13.4,0.225,curryst01,2013-14
549,6,7,Chris Paul,28,LAC,0.0,45.0,1250,0.036,62,35.0,19.1,4.3,10.7,2.5,0.1,0.467,0.368,0.855,12.2,0.27,paulch01,2013-14
550,7,8,Al Jefferson,29,CHA,0.0,34.0,1250,0.027,73,35.0,21.8,10.8,2.1,0.9,1.1,0.509,0.2,0.69,7.8,0.146,jeffeal01,2013-14
551,8,9,Paul George,23,IND,0.0,33.0,1250,0.026,80,36.2,21.7,6.8,3.5,1.9,0.3,0.424,0.364,0.864,10.8,0.178,georgpa01,2013-14
552,9,10,LaMarcus Aldridge,28,POR,0.0,26.0,1250,0.021,69,36.2,23.2,11.1,2.6,0.9,1.0,0.458,0.2,0.822,7.5,0.144,aldrila01,2013-14
553,10,11,Kevin Love,25,MIN,0.0,25.0,1250,0.02,77,36.3,26.1,12.5,4.4,0.8,0.5,0.457,0.376,0.821,14.3,0.245,loveke01,2013-14
554,11,12T,Tim Duncan,37,SAS,0.0,21.0,1250,0.017,74,29.2,15.1,9.7,3.0,0.6,1.9,0.49,0.0,0.731,7.4,0.164,duncati01,2013-14
555,12,12T,Tony Parker,31,SAS,0.0,21.0,1250,0.017,68,29.4,16.7,2.3,5.7,0.5,0.1,0.499,0.373,0.811,5.9,0.141,parketo01,2013-14
556,13,14,Dirk Nowitzki,35,DAL,0.0,7.0,1250,0.006,80,32.9,21.7,6.2,2.7,0.9,0.6,0.497,0.398,0.899,10.9,0.199,nowitdi01,2013-14
557,14,15,Carmelo Anthony,29,NYK,0.0,4.0,1250,0.003,77,38.7,27.4,8.1,3.1,1.2,0.7,0.452,0.402,0.848,10.7,0.172,anthoca01,2013-14
558,15,16,Goran Dragić,27,PHO,0.0,3.0,1250,0.002,76,35.1,20.3,3.2,5.9,1.4,0.3,0.505,0.408,0.76,10.3,0.186,dragigo01,2013-14
559,16,17,Mike Conley,26,MEM,0.0,1.0,1250,0.001,73,33.5,17.2,2.9,6.0,1.5,0.2,0.45,0.361,0.815,8.2,0.161,conlemi01,2013-14
560,0,1,Stephen Curry,26,GSW,100.0,1198.0,1300,0.922,80,32.7,23.8,4.3,7.7,2.0,0.2,0.487,0.443,0.914,15.7,0.288,curryst01,2014-15
561,1,2,James Harden,25,HOU,25.0,936.0,1300,0.72,81,36.8,27.4,5.7,7.0,1.9,0.7,0.44,0.375,0.868,16.4,0.265,hardeja01,2014-15
562,2,3,LeBron James,30,CLE,5.0,552.0,1300,0.425,69,36.1,25.3,6.0,7.4,1.6,0.7,0.488,0.354,0.71,10.4,0.199,jamesle01,2014-15
563,3,4,Russell Westbrook,26,OKC,0.0,352.0,1300,0.271,67,34.4,28.1,7.3,8.6,2.1,0.2,0.426,0.299,0.835,10.6,0.222,westbru01,2014-15
564,4,5,Anthony Davis,21,NOP,0.0,203.0,1300,0.156,68,36.1,24.4,10.2,2.2,1.5,2.9,0.535,0.083,0.805,14.0,0.274,davisan02,2014-15
565,5,6,Chris Paul,29,LAC,0.0,124.0,1300,0.095,82,34.8,19.1,4.6,10.2,1.9,0.2,0.485,0.398,0.9,16.1,0.27,paulch01,2014-15
566,6,7,LaMarcus Aldridge,29,POR,0.0,6.0,1300,0.005,71,35.4,23.4,10.2,1.7,0.7,1.0,0.466,0.352,0.845,8.6,0.165,aldrila01,2014-15
567,7,8T,Marc Gasol,30,MEM,0.0,3.0,1300,0.002,81,33.2,17.4,7.8,3.8,0.9,1.6,0.494,0.176,0.795,10.2,0.182,gasolma01,2014-15
568,8,8T,Blake Griffin,25,LAC,0.0,3.0,1300,0.002,67,35.2,21.9,7.6,5.3,0.9,0.5,0.502,0.4,0.728,9.0,0.183,griffbl01,2014-15
569,9,10T,Tim Duncan,38,SAS,0.0,1.0,1300,0.001,77,28.9,13.9,9.1,3.0,0.8,2.0,0.512,0.286,0.74,9.6,0.207,duncati01,2014-15
570,10,10T,Kawhi Leonard,23,SAS,0.0,1.0,1300,0.001,64,31.8,16.5,7.2,2.5,2.3,0.8,0.479,0.349,0.802,8.6,0.204,leonaka01,2014-15
571,11,10T,Klay Thompson,24,GSW,0.0,1.0,1300,0.001,77,31.9,21.7,3.2,2.9,1.1,0.8,0.463,0.439,0.879,8.8,0.172,thompkl01,2014-15
572,0,1,Stephen Curry,27,GSW,131.0,1310.0,1310,1.0,79,34.2,30.1,5.4,6.7,2.1,0.2,0.504,0.454,0.908,17.9,0.318,curryst01,2015-16
573,1,2,Kawhi Leonard,24,SAS,0.0,634.0,1310,0.484,72,33.1,21.2,6.8,2.6,1.8,1.0,0.506,0.443,0.874,13.7,0.277,leonaka01,2015-16
574,2,3,LeBron James,31,CLE,0.0,631.0,1310,0.482,76,35.6,25.3,7.4,6.8,1.4,0.6,0.52,0.309,0.731,13.6,0.242,jamesle01,2015-16
575,3,4,Russell Westbrook,27,OKC,0.0,486.0,1310,0.371,80,34.4,23.5,7.8,10.4,2.0,0.3,0.454,0.296,0.812,14.0,0.245,westbru01,2015-16
576,4,5,Kevin Durant,27,OKC,0.0,147.0,1310,0.112,72,35.8,28.2,8.2,5.0,1.0,1.2,0.505,0.387,0.898,14.5,0.27,duranke01,2015-16
577,5,6,Chris Paul,30,LAC,0.0,107.0,1310,0.082,74,32.7,19.5,4.2,10.0,2.1,0.2,0.462,0.371,0.896,12.7,0.253,paulch01,2015-16
578,6,7,Draymond Green,25,GSW,0.0,50.0,1310,0.038,81,34.7,14.0,9.5,7.4,1.5,1.4,0.49,0.388,0.696,11.1,0.19,greendr01,2015-16
579,7,8,Damian Lillard,25,POR,0.0,26.0,1310,0.02,75,35.7,25.1,4.0,6.8,0.9,0.4,0.419,0.375,0.892,9.2,0.165,lillada01,2015-16
580,8,9,James Harden,26,HOU,0.0,9.0,1310,0.007,82,38.1,29.0,6.1,7.5,1.7,0.6,0.439,0.359,0.86,13.3,0.204,hardeja01,2015-16
581,9,10,Kyle Lowry,29,TOR,0.0,6.0,1310,0.005,77,37.0,21.2,4.7,6.4,2.1,0.4,0.427,0.388,0.811,11.6,0.196,lowryky01,2015-16
582,0,1,Russell Westbrook,28,OKC,69.0,888.0,1010,0.879,81,34.6,31.6,10.7,10.4,1.6,0.4,0.425,0.343,0.845,13.1,0.224,westbru01,2016-17
583,1,2,James Harden,27,HOU,22.0,753.0,1010,0.746,81,36.4,29.1,8.1,11.2,1.5,0.5,0.44,0.347,0.847,15.0,0.245,hardeja01,2016-17
584,2,3,Kawhi Leonard,25,SAS,9.0,500.0,1010,0.495,74,33.4,25.5,5.8,3.5,1.8,0.7,0.485,0.38,0.88,13.6,0.264,leonaka01,2016-17
585,3,4,LeBron James,32,CLE,1.0,333.0,1010,0.33,74,37.8,26.4,8.6,8.7,1.2,0.6,0.548,0.363,0.674,12.9,0.221,jamesle01,2016-17
586,4,5,Isaiah Thomas,27,BOS,0.0,81.0,1010,0.08,76,33.8,28.9,2.7,5.9,0.9,0.2,0.463,0.379,0.909,12.5,0.234,thomais02,2016-17
587,5,6,Stephen Curry,28,GSW,0.0,52.0,1010,0.051,79,33.4,25.3,4.5,6.6,1.8,0.2,0.468,0.411,0.898,12.6,0.229,curryst01,2016-17
588,6,7T,Giannis Antetokounmpo,22,MIL,0.0,7.0,1010,0.007,80,35.6,22.9,8.8,5.4,1.6,1.9,0.521,0.272,0.77,12.4,0.21,antetgi01,2016-17
589,7,7T,John Wall,26,WAS,0.0,7.0,1010,0.007,78,36.4,23.1,4.2,10.7,2.0,0.6,0.451,0.327,0.801,8.8,0.149,walljo01,2016-17
590,8,9T,Anthony Davis,23,NOP,0.0,2.0,1010,0.002,75,36.1,28.0,11.8,2.1,1.3,2.2,0.505,0.299,0.802,11.0,0.195,davisan02,2016-17
591,9,9T,Kevin Durant,28,GSW,0.0,2.0,1010,0.002,62,33.4,25.1,8.3,4.8,1.1,1.6,0.537,0.375,0.875,12.0,0.278,duranke01,2016-17
592,10,11,DeMar DeRozan,27,TOR,0.0,1.0,1010,0.001,74,35.4,27.3,5.2,3.9,1.1,0.2,0.467,0.266,0.842,9.0,0.166,derozde01,2016-17
593,0,1,James Harden,28,HOU,86.0,965.0,1010,0.955,72,35.4,30.4,5.4,8.8,1.8,0.7,0.449,0.367,0.858,15.4,0.289,hardeja01,2017-18
594,1,2,LeBron James,33,CLE,15.0,738.0,1010,0.731,82,36.9,27.5,8.6,9.1,1.4,0.9,0.542,0.367,0.731,14.0,0.221,jamesle01,2017-18
595,2,3,Anthony Davis,24,NOP,0.0,445.0,1010,0.441,75,36.4,28.1,11.1,2.3,1.5,2.6,0.534,0.34,0.828,13.7,0.241,davisan02,2017-18
596,3,4,Damian Lillard,27,POR,0.0,207.0,1010,0.205,73,36.6,26.9,4.5,6.6,1.1,0.4,0.439,0.361,0.916,12.6,0.227,lillada01,2017-18
597,4,5,Russell Westbrook,29,OKC,0.0,76.0,1010,0.075,80,36.4,25.4,10.1,10.3,1.8,0.3,0.449,0.298,0.737,10.1,0.166,westbru01,2017-18
598,5,6,Giannis Antetokounmpo,23,MIL,0.0,75.0,1010,0.074,75,36.7,26.9,10.0,4.8,1.5,1.4,0.529,0.307,0.76,11.9,0.207,antetgi01,2017-18
599,6,7,Kevin Durant,29,GSW,0.0,66.0,1010,0.065,68,34.2,26.4,6.8,5.4,0.7,1.8,0.516,0.419,0.889,10.4,0.215,duranke01,2017-18
600,7,8,DeMar DeRozan,28,TOR,0.0,32.0,1010,0.032,80,33.9,23.0,3.9,5.2,1.1,0.3,0.456,0.31,0.825,9.6,0.17,derozde01,2017-18
601,8,9,LaMarcus Aldridge,32,SAS,0.0,6.0,1010,0.006,75,33.5,23.1,8.5,2.0,0.6,1.2,0.51,0.293,0.837,10.9,0.209,aldrila01,2017-18
602,9,10T,Jimmy Butler,28,MIN,0.0,5.0,1010,0.005,59,36.7,22.2,5.3,4.9,2.0,0.4,0.474,0.35,0.854,8.9,0.198,butleji01,2017-18
603,10,10T,Stephen Curry,29,GSW,0.0,5.0,1010,0.005,51,32.0,26.4,5.1,6.1,1.6,0.2,0.495,0.423,0.921,9.1,0.267,curryst01,2017-18
604,11,12,Joel Embiid,23,PHI,0.0,4.0,1010,0.004,63,30.3,22.9,11.0,3.2,0.6,1.8,0.483,0.308,0.769,6.2,0.155,embiijo01,2017-18
605,12,13,Victor Oladipo,25,IND,0.0,2.0,1010,0.002,75,34.0,23.1,5.2,4.3,2.4,0.8,0.477,0.371,0.799,8.2,0.155,oladivi01,2017-18
606,0,1,Giannis Antetokounmpo,24,MIL,78.0,941.0,1010,0.932,72,32.8,27.7,12.5,5.9,1.3,1.5,0.578,0.256,0.729,14.4,0.292,antetgi01,2018-19
607,1,2,James Harden,29,HOU,23.0,776.0,1010,0.768,78,36.8,36.1,6.6,7.5,2.0,0.7,0.442,0.368,0.879,15.2,0.254,hardeja01,2018-19
608,2,3,Paul George,28,OKC,0.0,356.0,1010,0.352,77,36.9,28.0,8.2,4.1,2.2,0.4,0.438,0.386,0.839,11.9,0.201,georgpa01,2018-19
609,3,4,Nikola Jokić,23,DEN,0.0,212.0,1010,0.21,80,31.3,20.1,10.8,7.3,1.4,0.7,0.511,0.307,0.821,11.8,0.226,jokicni01,2018-19
610,4,5,Stephen Curry,30,GSW,0.0,175.0,1010,0.173,69,33.8,27.3,5.3,5.2,1.3,0.4,0.472,0.437,0.916,9.7,0.199,curryst01,2018-19
611,5,6,Damian Lillard,28,POR,0.0,69.0,1010,0.068,80,35.5,25.8,4.6,6.9,1.1,0.4,0.444,0.369,0.912,12.1,0.205,lillada01,2018-19
612,6,7,Joel Embiid,24,PHI,0.0,49.0,1010,0.049,64,33.7,27.5,13.6,3.7,0.7,1.9,0.484,0.3,0.804,8.7,0.194,embiijo01,2018-19
613,7,8,Kevin Durant,30,GSW,0.0,25.0,1010,0.025,78,34.6,26.0,6.4,5.9,0.7,1.1,0.521,0.353,0.885,11.5,0.204,duranke01,2018-19
614,8,9,Kawhi Leonard,27,TOR,0.0,13.0,1010,0.013,60,34.0,26.6,7.3,3.3,1.8,0.4,0.496,0.371,0.854,9.5,0.224,leonaka01,2018-19
615,9,10,Russell Westbrook,30,OKC,0.0,8.0,1010,0.008,73,36.0,22.9,11.1,10.7,1.9,0.5,0.428,0.29,0.656,6.8,0.124,westbru01,2018-19
616,10,11T,Rudy Gobert,26,UTA,0.0,1.0,1010,0.001,81,31.8,15.9,12.9,2.0,0.8,2.3,0.669,,0.636,14.4,0.268,goberru01,2018-19
617,11,11T,LeBron James,34,LAL,0.0,1.0,1010,0.001,55,35.2,27.4,8.5,8.3,1.3,0.6,0.51,0.339,0.665,7.2,0.179,jamesle01,2018-19
618,0,1,Giannis Antetokounmpo,25,MIL,85.0,962.0,1010,0.952,63,30.4,29.5,13.6,5.6,1.0,1.0,0.553,0.304,0.633,11.1,0.279,antetgi01,2019-20
619,1,2,LeBron James,35,LAL,16.0,753.0,1010,0.746,67,34.6,25.3,7.8,10.2,1.2,0.5,0.493,0.348,0.693,9.8,0.204,jamesle01,2019-20
620,2,3,James Harden,30,HOU,0.0,367.0,1010,0.363,68,36.5,34.3,6.6,7.5,1.8,0.9,0.444,0.355,0.865,13.1,0.254,hardeja01,2019-20
621,3,4,Luka Dončić,20,DAL,0.0,200.0,1010,0.198,61,33.6,28.8,9.4,8.8,1.0,0.2,0.463,0.316,0.758,8.8,0.207,doncilu01,2019-20
622,4,5,Kawhi Leonard,28,LAC,0.0,168.0,1010,0.166,57,32.4,27.1,7.1,4.9,1.8,0.6,0.47,0.378,0.886,8.7,0.226,leonaka01,2019-20
623,5,6,Anthony Davis,26,LAL,0.0,82.0,1010,0.081,62,34.4,26.1,9.3,3.2,1.5,2.3,0.503,0.33,0.846,11.1,0.25,davisan02,2019-20
624,6,7,Chris Paul,34,OKC,0.0,26.0,1010,0.026,70,31.5,17.6,5.0,6.7,1.6,0.2,0.489,0.365,0.907,8.9,0.193,paulch01,2019-20
625,7,8,Damian Lillard,29,POR,0.0,23.0,1010,0.023,66,37.5,30.0,4.3,8.0,1.1,0.3,0.463,0.401,0.888,11.6,0.225,lillada01,2019-20
626,8,9,Nikola Jokić,24,DEN,0.0,18.0,1010,0.018,73,32.0,19.9,9.7,7.0,1.2,0.6,0.528,0.314,0.817,9.8,0.202,jokicni01,2019-20
627,9,10,Pascal Siakam,25,TOR,0.0,17.0,1010,0.017,60,35.2,22.9,7.3,3.5,1.0,0.9,0.453,0.359,0.792,5.4,0.123,siakapa01,2019-20
628,10,11,Jimmy Butler,30,MIA,0.0,9.0,1010,0.009,58,33.8,19.9,6.7,6.0,1.8,0.6,0.455,0.244,0.834,9.0,0.221,butleji01,2019-20
629,11,12,Jayson Tatum,21,BOS,0.0,1.0,1010,0.001,66,34.3,23.4,7.0,3.0,1.4,0.9,0.45,0.403,0.812,6.9,0.146,tatumja01,2019-20
630,0,1,Nikola Jokić,25,DEN,91.0,971.0,1010,0.961,72,34.6,26.4,10.8,8.3,1.3,0.7,0.566,0.388,0.868,15.6,0.301,jokicni01,2020-21
631,1,2,Joel Embiid,26,PHI,1.0,586.0,1010,0.58,51,31.1,28.5,10.6,2.8,1.0,1.4,0.513,0.377,0.859,8.8,0.266,embiijo01,2020-21
632,2,3,Stephen Curry,32,GSW,5.0,453.0,1010,0.449,63,34.2,32.0,5.5,5.8,1.2,0.1,0.482,0.421,0.916,9.0,0.201,curryst01,2020-21
633,3,4,Giannis Antetokounmpo,26,MIL,1.0,348.0,1010,0.345,61,33.0,28.1,11.0,5.9,1.2,1.2,0.569,0.303,0.685,10.2,0.244,antetgi01,2020-21
634,4,5,Chris Paul,35,PHO,2.0,139.0,1010,0.138,70,31.4,16.4,4.5,8.9,1.4,0.3,0.499,0.395,0.934,9.2,0.201,paulch01,2020-21
635,5,6,Luka Dončić,21,DAL,0.0,42.0,1010,0.042,66,34.3,27.7,8.0,8.6,1.0,0.5,0.479,0.35,0.73,7.7,0.163,doncilu01,2020-21
636,6,7,Damian Lillard,30,POR,0.0,38.0,1010,0.038,67,35.8,28.8,4.2,7.5,0.9,0.3,0.451,0.391,0.928,10.4,0.209,lillada01,2020-21
637,7,8,Julius Randle,26,NYK,0.0,20.0,1010,0.02,71,37.6,24.1,10.2,6.0,0.9,0.3,0.456,0.411,0.811,7.8,0.14,randlju01,2020-21
638,8,9,Derrick Rose,32,TOT,1.0,10.0,1010,0.01,50,25.6,14.7,2.6,4.2,1.0,0.4,0.47,0.388,0.866,3.1,0.118,rosede01,2020-21
639,9,10,Rudy Gobert,28,UTA,0.0,8.0,1010,0.008,71,30.8,14.3,13.5,1.3,0.6,2.7,0.675,0.0,0.623,11.3,0.248,goberru01,2020-21
640,10,11,Russell Westbrook,32,WAS,0.0,5.0,1010,0.005,65,36.4,22.2,11.5,11.7,1.4,0.4,0.439,0.315,0.656,3.7,0.075,westbru01,2020-21
641,11,12,Ben Simmons,24,PHI,0.0,3.0,1010,0.003,58,32.4,14.3,7.2,6.9,1.6,0.6,0.557,0.3,0.613,6.0,0.153,simmobe01,2020-21
642,12,13T,James Harden,31,TOT,0.0,1.0,1010,0.001,44,36.6,24.6,7.9,10.8,1.2,0.8,0.466,0.362,0.861,7.0,0.208,hardeja01,2020-21
643,13,13T,LeBron James,36,LAL,0.0,1.0,1010,0.001,45,33.4,25.0,7.7,7.8,1.1,0.6,0.513,0.365,0.698,5.6,0.179,jamesle01,2020-21
644,14,13T,Kawhi Leonard,29,LAC,0.0,1.0,1010,0.001,52,34.1,24.8,6.5,5.2,1.6,0.4,0.512,0.398,0.885,8.8,0.238,leonaka01,2020-21
645,0,1,Nikola Jokić,26,DEN,65.0,875.0,1000,0.875,74,33.5,27.1,13.8,7.9,1.5,0.9,0.583,0.337,0.81,15.2,0.296,jokicni01,2021-22
646,1,2,Joel Embiid,27,PHI,26.0,706.0,1000,0.706,68,33.8,30.6,11.7,4.2,1.1,1.5,0.499,0.371,0.814,12.0,0.252,embiijo01,2021-22
647,2,3,Giannis Antetokounmpo,27,MIL,9.0,595.0,1000,0.595,67,32.9,29.9,11.6,5.8,1.1,1.4,0.553,0.293,0.722,12.9,0.281,antetgi01,2021-22
648,3,4,Devin Booker,25,PHO,0.0,216.0,1000,0.216,68,34.5,26.8,5.0,4.8,1.1,0.4,0.466,0.383,0.868,7.6,0.156,bookede01,2021-22
649,4,5,Luka Dončić,22,DAL,0.0,146.0,1000,0.146,65,35.4,28.4,9.1,8.7,1.2,0.6,0.457,0.353,0.744,7.6,0.159,doncilu01,2021-22
650,5,6,Jayson Tatum,23,BOS,0.0,43.0,1000,0.043,76,35.9,26.9,8.0,4.4,1.0,0.6,0.453,0.353,0.853,9.6,0.169,tatumja01,2021-22
651,6,7,Ja Morant,22,MEM,0.0,10.0,1000,0.01,57,33.1,27.4,5.7,6.7,1.2,0.4,0.493,0.344,0.761,6.7,0.171,moranja01,2021-22
652,7,8,Stephen Curry,33,GSW,0.0,4.0,1000,0.004,64,34.5,25.5,5.2,6.3,1.3,0.4,0.437,0.38,0.923,8.0,0.173,curryst01,2021-22
653,8,9,Chris Paul,36,PHO,0.0,2.0,1000,0.002,65,32.9,14.7,4.4,10.8,1.9,0.3,0.493,0.317,0.837,9.4,0.21,paulch01,2021-22
654,9,10T,DeMar DeRozan,32,CHI,0.0,1.0,1000,0.001,76,36.1,27.9,5.2,4.9,0.9,0.3,0.504,0.352,0.877,8.8,0.154,derozde01,2021-22
655,10,10T,Kevin Durant,33,BRK,0.0,1.0,1000,0.001,55,37.2,29.9,7.4,6.4,0.9,0.9,0.518,0.383,0.91,8.4,0.198,duranke01,2021-22
656,11,10T,LeBron James,37,LAL,0.0,1.0,1000,0.001,56,37.2,30.3,8.2,6.2,1.3,1.1,0.524,0.359,0.756,7.5,0.172,jamesle01,2021-22
657,0,1,Joel Embiid,28,PHI,73.0,915.0,1000,0.915,66,34.6,33.1,10.2,4.2,1.0,1.7,0.548,0.33,0.857,12.3,0.259,embiijo01,2022-23
658,1,2,Nikola Jokić,27,DEN,15.0,674.0,1000,0.674,69,33.7,24.5,11.8,9.8,1.3,0.7,0.632,0.383,0.822,14.9,0.308,jokicni01,2022-23
659,2,3,Giannis Antetokounmpo,28,MIL,12.0,606.0,1000,0.606,63,32.1,31.1,11.8,5.7,0.8,0.8,0.553,0.275,0.645,8.6,0.204,antetgi01,2022-23
660,3,4,Jayson Tatum,24,BOS,0.0,280.0,1000,0.28,74,36.9,30.1,8.8,4.6,1.1,0.7,0.466,0.35,0.854,10.5,0.185,tatumja01,2022-23
661,4,5,Shai Gilgeous-Alexander,24,OKC,0.0,46.0,1000,0.046,68,35.5,31.4,4.8,5.5,1.6,1.0,0.51,0.345,0.905,11.4,0.226,gilgesh01,2022-23
662,5,6,Donovan Mitchell,26,CLE,0.0,30.0,1000,0.03,68,35.8,28.3,4.3,4.4,1.5,0.4,0.484,0.386,0.867,8.9,0.176,mitchdo01,2022-23
663,6,7,Domantas Sabonis,26,SAC,0.0,27.0,1000,0.027,79,34.6,19.1,12.3,7.3,0.8,0.5,0.615,0.373,0.742,12.6,0.221,sabondo01,2022-23
664,7,8,Luka Dončić,23,DAL,0.0,10.0,1000,0.01,66,36.2,32.4,8.6,8.0,1.4,0.5,0.496,0.342,0.742,10.2,0.204,doncilu01,2022-23
665,8,9,Stephen Curry,34,GSW,0.0,5.0,1000,0.005,56,34.7,29.4,6.1,6.3,0.9,0.4,0.493,0.427,0.915,7.8,0.192,curryst01,2022-23
666,9,10,Jimmy Butler,33,MIA,0.0,3.0,1000,0.003,64,33.4,22.9,5.9,5.3,1.8,0.3,0.539,0.35,0.85,12.3,0.277,butleji01,2022-23
667,10,11,De'Aaron Fox,25,SAC,0.0,2.0,1000,0.002,73,33.4,25.0,4.2,6.1,1.1,0.3,0.512,0.324,0.78,7.4,0.146,foxde01,2022-23
668,11,12T,Jalen Brunson,26,NYK,0.0,1.0,1000,0.001,68,35.0,24.0,3.5,6.2,0.9,0.2,0.491,0.416,0.829,8.7,0.175,brunsja01,2022-23
669,12,12T,Ja Morant,23,MEM,0.0,1.0,1000,0.001,61,31.9,26.2,5.9,8.1,1.1,0.3,0.466,0.307,0.748,6.0,0.148,moranja01,2022-23
670,0,1,Nikola Jokić,28,DEN,79.0,926.0,990,0.935,79,34.6,26.4,12.4,9.0,1.4,0.9,0.583,0.359,0.817,17.0,0.299,jokicni01,2023-24
671,1,2,Shai Gilgeous-Alexander,25,OKC,15.0,640.0,990,0.646,75,34.0,30.1,5.5,6.2,2.0,0.9,0.535,0.353,0.874,14.6,0.275,gilgesh01,2023-24
672,2,3,Luka Dončić,24,DAL,4.0,566.0,990,0.572,70,37.5,33.9,9.2,9.8,1.4,0.5,0.487,0.382,0.786,12.0,0.22,doncilu01,2023-24
673,3,4,Giannis Antetokounmpo,29,MIL,1.0,192.0,990,0.194,73,35.2,30.4,11.5,6.5,1.2,1.1,0.611,0.274,0.657,13.2,0.246,antetgi01,2023-24
674,4,5,Jalen Brunson,27,NYK,0.0,142.0,990,0.143,77,35.4,28.7,3.6,6.7,0.9,0.2,0.479,0.401,0.847,11.2,0.198,brunsja01,2023-24
675,5,6,Jayson Tatum,25,BOS,0.0,86.0,990,0.087,74,35.7,26.9,8.1,4.9,1.0,0.6,0.471,0.376,0.833,10.4,0.189,tatumja01,2023-24
676,6,7,Anthony Edwards,22,MIN,0.0,18.0,990,0.018,79,35.1,25.9,5.4,5.1,1.3,0.5,0.461,0.357,0.836,7.5,0.13,edwaran01,2023-24
677,7,8,Domantas Sabonis,27,SAC,0.0,3.0,990,0.003,82,35.7,19.4,13.7,8.2,0.9,0.6,0.594,0.379,0.704,12.6,0.206,sabondo01,2023-24
678,8,9,Kevin Durant,35,PHO,0.0,1.0,990,0.001,75,37.2,27.1,6.6,5.0,0.9,1.2,0.523,0.413,0.856,8.3,0.142,duranke01,2023-24
